#
# There is insufficient memory for the Java Runtime Environment to continue.
# Native memory allocation (malloc) failed to allocate 1189784 bytes. Error detail: Chunk::new
# Possible reasons:
#   The system is out of physical RAM or swap space
#   This process is running with CompressedOops enabled, and the Java Heap may be blocking the growth of the native heap
# Possible solutions:
#   Reduce memory load on the system
#   Increase physical memory or swap space
#   Check if swap backing store is full
#   Decrease Java heap size (-Xmx/-Xms)
#   Decrease number of Java threads
#   Decrease Java thread stack sizes (-Xss)
#   Set larger code cache with -XX:ReservedCodeCacheSize=
#   JVM is running with Unscaled Compressed Oops mode in which the Java heap is
#     placed in the first 4GB address space. The Java Heap base address is the
#     maximum limit for the native heap growth. Please use -XX:HeapBaseMinAddress
#     to set the Java Heap base and to place the Java Heap above 4GB virtual address.
# This output file may be truncated or incomplete.
#
#  Out of Memory Error (arena.cpp:186), pid=2372, tid=30808
#
# JRE version: OpenJDK Runtime Environment (25.0.1+8) (build 25.0.1+8-27)
# Java VM: OpenJDK 64-Bit Server VM (25.0.1+8-27, mixed mode, sharing, tiered, compressed oops, compressed class ptrs, g1 gc, windows-amd64)
# No core dump will be written. Minidumps are not enabled by default on client versions of Windows
#

---------------  S U M M A R Y ------------

Command Line: --add-opens=java.base/java.lang=ALL-UNNAMED --add-opens=java.base/java.lang.invoke=ALL-UNNAMED --add-opens=java.base/java.util=ALL-UNNAMED --add-opens=java.prefs/java.util.prefs=ALL-UNNAMED --add-exports=jdk.compiler/com.sun.tools.javac.api=ALL-UNNAMED --add-exports=jdk.compiler/com.sun.tools.javac.util=ALL-UNNAMED --add-opens=java.base/java.util=ALL-UNNAMED --add-opens=java.prefs/java.util.prefs=ALL-UNNAMED --add-opens=java.base/java.nio.charset=ALL-UNNAMED --add-opens=java.base/java.net=ALL-UNNAMED --add-opens=java.base/java.util.concurrent=ALL-UNNAMED --add-opens=java.base/java.util.concurrent.atomic=ALL-UNNAMED --add-opens=java.xml/javax.xml.namespace=ALL-UNNAMED --add-opens=java.base/java.time=ALL-UNNAMED --enable-native-access=ALL-UNNAMED -XX:MaxMetaspaceSize=384m -XX:+HeapDumpOnOutOfMemoryError -Xms256m -Xmx512m -Dfile.encoding=UTF-8 -Duser.country=KR -Duser.language=ko -Duser.variant -javaagent:C:\Users\ksove\.gradle\wrapper\dists\gradle-9.2.1-bin\2t0n5ozlw9xmuyvbp7dnzaxug\gradle-9.2.1\lib\agents\gradle-instrumentation-agent-9.2.1.jar org.gradle.launcher.daemon.bootstrap.GradleDaemon 9.2.1

Host: Intel(R) Core(TM) i5-10400 CPU @ 2.90GHz, 12 cores, 15G,  Windows 10 , 64 bit Build 19041 (10.0.19041.5915)
Time: Wed Jan 14 20:13:03 2026 elapsed time: 23080.574972 seconds (0d 6h 24m 40s)

---------------  T H R E A D  ---------------

Current thread (0x00000177c4d4bf10):  JavaThread "C2 CompilerThread0" daemon [_thread_in_native, id=30808, stack(0x0000007122000000,0x0000007122100000) (1024K)]


Current CompileTask:
C2:23080575 41968 %     4       org.gradle.api.internal.artifacts.ivyservice.resolveengine.graph.builder.DependencyGraphBuilder$1::execute @ 17 (269 bytes)

Stack: [0x0000007122000000,0x0000007122100000]
Native frames: (J=compiled Java code, j=interpreted, Vv=VM code, C=native code)
V  [jvm.dll+0x7a6b59]  (no source info available)
V  [jvm.dll+0x77290d]  (no source info available)
V  [jvm.dll+0x966153]  (no source info available)
V  [jvm.dll+0x968751]  (no source info available)
V  [jvm.dll+0x968e53]  (no source info available)
V  [jvm.dll+0x2fc756]  (no source info available)
V  [jvm.dll+0x111b26]  (no source info available)
V  [jvm.dll+0x111e4e]  (no source info available)
V  [jvm.dll+0x1a0a22]  (no source info available)
V  [jvm.dll+0x3b53c2]  (no source info available)
V  [jvm.dll+0x7ac4ef]  (no source info available)
V  [jvm.dll+0x2c0ac7]  (no source info available)
V  [jvm.dll+0x2bfa8f]  (no source info available)
V  [jvm.dll+0x237b60]  (no source info available)
V  [jvm.dll+0x2cfb56]  (no source info available)
V  [jvm.dll+0x2cddd5]  (no source info available)
V  [jvm.dll+0x48e6d1]  (no source info available)
V  [jvm.dll+0x906a0d]  (no source info available)
V  [jvm.dll+0x7a5135]  (no source info available)
C  [ucrtbase.dll+0x21bb2]  (no source info available)
C  [KERNEL32.DLL+0x17374]  (no source info available)
C  [ntdll.dll+0x4cc91]  (no source info available)

Lock stack of current Java thread (top to bottom):


---------------  P R O C E S S  ---------------

Threads class SMR info:
_java_thread_list=0x00000177cb396f40, length=177, elements={
0x00000177a99881f0, 0x00000177c4d53470, 0x00000177c4d42500, 0x00000177c4d46cd0,
0x00000177c4d47890, 0x00000177c4d48450, 0x00000177c4d49010, 0x00000177c4d4bf10,
0x00000177c4d78740, 0x00000177c90f7cc0, 0x00000177c91ede50, 0x00000177cabd9420,
0x00000177cacc52d0, 0x00000177cac4ded0, 0x00000177cb123cd0, 0x00000177cb125440,
0x00000177cb120df0, 0x00000177cb95fc30, 0x00000177cb9632e0, 0x00000177cb9613a0,
0x00000177cb962b10, 0x00000177cb967160, 0x00000177cb963ab0, 0x00000177cdaa5bf0,
0x00000177cdaa8ad0, 0x00000177cdaa92a0, 0x00000177cdaab1e0, 0x00000177cdaa7360,
0x00000177cdaa8300, 0x00000177cdaa4c50, 0x00000177cdaa63c0, 0x00000177cc0d55d0,
0x00000177cda82570, 0x00000177cc7b5a20, 0x00000177cfd000f0, 0x00000177cf350db0,
0x00000177cf34e6a0, 0x00000177cf351580, 0x00000177d6756fe0, 0x00000177d6753930,
0x00000177d6754100, 0x00000177d67550a0, 0x00000177d6755870, 0x00000177cfb0e710,
0x00000177cfb0d770, 0x00000177cfb0b060, 0x00000177cfb0b830, 0x00000177cfb0cfa0,
0x00000177cfb0df40, 0x00000177cfb0c000, 0x00000177cee37c30, 0x00000177cee38bd0,
0x00000177cee39b70, 0x00000177cee3a340, 0x00000177cee38400, 0x00000177ccce1980,
0x00000177d05ad540, 0x00000177d05a9e90, 0x00000177d05ab600, 0x00000177d05abdd0,
0x00000177d05ac5a0, 0x00000177d5d57ee0, 0x00000177d5d59650, 0x00000177d5d5adc0,
0x00000177d5d586b0, 0x00000177d5d59e20, 0x00000177d5d58e80, 0x00000177d5d5a5f0,
0x00000177d5d5b590, 0x00000177ca056140, 0x00000177ca054200, 0x00000177ca055970,
0x00000177ca052a90, 0x00000177ca053260, 0x00000177ca0551a0, 0x00000177ca053a30,
0x00000177ca0549d0, 0x00000177d07a34e0, 0x00000177d07a2d10, 0x00000177d07a2540,
0x00000177d07a5420, 0x00000177d07a5bf0, 0x00000177d07a3cb0, 0x00000177d07a4480,
0x00000177d07a4c50, 0x00000177cb34e1e0, 0x00000177cb34ca70, 0x00000177cb34f950,
0x00000177cb350120, 0x00000177cb34e9b0, 0x00000177cb34d240, 0x00000177cb34da10,
0x00000177cb34f180, 0x00000177cd853170, 0x00000177cd856820, 0x00000177cd8550b0,
0x00000177cd855880, 0x00000177cd854110, 0x00000177cffbaf10, 0x00000177cdba2c20,
0x00000177d6cd8830, 0x00000177d6cd97d0, 0x00000177d6cdaf40, 0x00000177d6cd9000,
0x00000177d6cda770, 0x00000177d01a00e0, 0x00000177d01a1080, 0x00000177d5e6d6a0,
0x00000177cc969230, 0x00000177cc96a9a0, 0x00000177cc969a00, 0x00000177cc9672f0,
0x00000177cc96a1d0, 0x00000177d5eb4910, 0x00000177d5eb50e0, 0x00000177d5eb58b0,
0x00000177d5eafaf0, 0x00000177d5eb31a0, 0x00000177d5eb29d0, 0x00000177cf517590,
0x00000177d005ff40, 0x00000177cf518d00, 0x00000177d005f770, 0x00000177cf517d60,
0x00000177d019f910, 0x00000177cc968290, 0x00000177d01a2020, 0x00000177d5b30570,
0x00000177d6be8350, 0x00000177cfd83390, 0x00000177cfd83b60, 0x00000177cfd84b00,
0x00000177d01a08b0, 0x00000177d01a2fc0, 0x00000177cc968a60, 0x00000177cfc16300,
0x00000177cfc191e0, 0x00000177cfc18a10, 0x00000177cfc15b30, 0x00000177cfc16ad0,
0x00000177cfc172a0, 0x00000177cfc17a70, 0x00000177cfc18240, 0x00000177cf1d5230,
0x00000177cf1d32f0, 0x00000177cf1d61d0, 0x00000177d045b440, 0x00000177d045e320,
0x00000177d045db50, 0x00000177d045cbb0, 0x00000177d045eaf0, 0x00000177d045d380,
0x00000177cfb40750, 0x00000177cfb3d0a0, 0x00000177cfb3d870, 0x00000177cfb3e040,
0x00000177cfb3e810, 0x00000177cfb3efe0, 0x00000177cfb3f7b0, 0x00000177d0359ec0,
0x00000177d035a690, 0x00000177d0358f20, 0x00000177d035ae60, 0x00000177d03596f0,
0x00000177d035b630, 0x00000177d0357f80, 0x00000177d0358750, 0x00000177c9584d70,
0x00000177c9585540, 0x00000177c9585d10, 0x00000177c9588420, 0x00000177c95864e0,
0x00000177c9586cb0, 0x00000177c9587480, 0x00000177c9587c50, 0x00000177d06220a0,
0x00000177d06247b0
}

Java Threads: ( => current thread )
  0x00000177a99881f0 JavaThread "main"                              [_thread_blocked, id=46524, stack(0x0000007121100000,0x0000007121200000) (1024K)]
  0x00000177c4d53470 JavaThread "Reference Handler"          daemon [_thread_blocked, id=7440, stack(0x0000007121a00000,0x0000007121b00000) (1024K)]
  0x00000177c4d42500 JavaThread "Finalizer"                  daemon [_thread_blocked, id=35204, stack(0x0000007121b00000,0x0000007121c00000) (1024K)]
  0x00000177c4d46cd0 JavaThread "Signal Dispatcher"          daemon [_thread_blocked, id=48548, stack(0x0000007121c00000,0x0000007121d00000) (1024K)]
  0x00000177c4d47890 JavaThread "Attach Listener"            daemon [_thread_blocked, id=8364, stack(0x0000007121d00000,0x0000007121e00000) (1024K)]
  0x00000177c4d48450 JavaThread "Service Thread"             daemon [_thread_blocked, id=24284, stack(0x0000007121e00000,0x0000007121f00000) (1024K)]
  0x00000177c4d49010 JavaThread "Monitor Deflation Thread"   daemon [_thread_blocked, id=41808, stack(0x0000007121f00000,0x0000007122000000) (1024K)]
=>0x00000177c4d4bf10 JavaThread "C2 CompilerThread0"         daemon [_thread_in_native, id=30808, stack(0x0000007122000000,0x0000007122100000) (1024K)]
  0x00000177c4d78740 JavaThread "C1 CompilerThread0"         daemon [_thread_blocked, id=24344, stack(0x0000007122100000,0x0000007122200000) (1024K)]
  0x00000177c90f7cc0 JavaThread "Common-Cleaner"             daemon [_thread_blocked, id=10568, stack(0x0000007122200000,0x0000007122300000) (1024K)]
  0x00000177c91ede50 JavaThread "Notification Thread"        daemon [_thread_blocked, id=18572, stack(0x0000007122300000,0x0000007122400000) (1024K)]
  0x00000177cabd9420 JavaThread "Daemon health stats"               [_thread_blocked, id=13764, stack(0x0000007122500000,0x0000007122600000) (1024K)]
  0x00000177cacc52d0 JavaThread "Incoming local TCP Connector on port 63193"        [_thread_in_native, id=17052, stack(0x0000007122b00000,0x0000007122c00000) (1024K)]
  0x00000177cac4ded0 JavaThread "Daemon periodic checks"            [_thread_blocked, id=28884, stack(0x0000007122c00000,0x0000007122d00000) (1024K)]
  0x00000177cb123cd0 JavaThread "Cache worker for journal cache (C:\Users\ksove\.gradle\caches\journal-1)"        [_thread_blocked, id=34692, stack(0x0000007123900000,0x0000007123a00000) (1024K)]
  0x00000177cb125440 JavaThread "File lock request listener"        [_thread_in_native, id=30620, stack(0x0000007123a00000,0x0000007123b00000) (1024K)]
  0x00000177cb120df0 JavaThread "Cache worker for file hash cache (C:\Users\ksove\.gradle\caches\9.2.1\fileHashes)"        [_thread_blocked, id=46156, stack(0x0000007123b00000,0x0000007123c00000) (1024K)]
  0x00000177cb95fc30 JavaThread "File watcher server"        daemon [_thread_in_native, id=5628, stack(0x0000007123f00000,0x0000007124000000) (1024K)]
  0x00000177cb9632e0 JavaThread "File watcher consumer"      daemon [_thread_blocked, id=47296, stack(0x0000007124000000,0x0000007124100000) (1024K)]
  0x00000177cb9613a0 JavaThread "jar transforms"                    [_thread_blocked, id=44480, stack(0x0000007124100000,0x0000007124200000) (1024K)]
  0x00000177cb962b10 JavaThread "jar transforms Thread 2"           [_thread_blocked, id=27828, stack(0x0000007124200000,0x0000007124300000) (1024K)]
  0x00000177cb967160 JavaThread "jar transforms Thread 3"           [_thread_blocked, id=22628, stack(0x0000007124300000,0x0000007124400000) (1024K)]
  0x00000177cb963ab0 JavaThread "jar transforms Thread 4"           [_thread_blocked, id=11088, stack(0x0000007124400000,0x0000007124500000) (1024K)]
  0x00000177cdaa5bf0 JavaThread "jar transforms Thread 5"           [_thread_blocked, id=22064, stack(0x0000007124500000,0x0000007124600000) (1024K)]
  0x00000177cdaa8ad0 JavaThread "jar transforms Thread 6"           [_thread_blocked, id=37904, stack(0x0000007124600000,0x0000007124700000) (1024K)]
  0x00000177cdaa92a0 JavaThread "jar transforms Thread 7"           [_thread_blocked, id=4340, stack(0x0000007124700000,0x0000007124800000) (1024K)]
  0x00000177cdaab1e0 JavaThread "jar transforms Thread 8"           [_thread_blocked, id=2780, stack(0x0000007124800000,0x0000007124900000) (1024K)]
  0x00000177cdaa7360 JavaThread "jar transforms Thread 9"           [_thread_blocked, id=38480, stack(0x0000007124900000,0x0000007124a00000) (1024K)]
  0x00000177cdaa8300 JavaThread "jar transforms Thread 10"          [_thread_blocked, id=26024, stack(0x0000007124a00000,0x0000007124b00000) (1024K)]
  0x00000177cdaa4c50 JavaThread "jar transforms Thread 11"          [_thread_blocked, id=13940, stack(0x0000007124b00000,0x0000007124c00000) (1024K)]
  0x00000177cdaa63c0 JavaThread "jar transforms Thread 12"          [_thread_blocked, id=22828, stack(0x0000007124c00000,0x0000007124d00000) (1024K)]
  0x00000177cc0d55d0 JavaThread "Cache worker for file content cache (C:\Users\ksove\.gradle\caches\9.2.1\fileContent)"        [_thread_blocked, id=41408, stack(0x0000007124d00000,0x0000007124e00000) (1024K)]
  0x00000177cda82570 JavaThread "Memory manager"                    [_thread_blocked, id=10912, stack(0x0000007129600000,0x0000007129700000) (1024K)]
  0x00000177cc7b5a20 JavaThread "Cache worker for Java compile cache (C:\Users\ksove\.gradle\caches\9.2.1\javaCompile)"        [_thread_blocked, id=43624, stack(0x000000712e300000,0x000000712e400000) (1024K)]
  0x00000177cfd000f0 JavaThread "Daemon Thread 16"                  [_thread_blocked, id=15196, stack(0x0000007120f00000,0x0000007121000000) (1024K)]
  0x00000177cf350db0 JavaThread "Handler for socket connection from /127.0.0.1:63193 to /127.0.0.1:51159"        [_thread_in_native, id=35548, stack(0x0000007121000000,0x0000007121100000) (1024K)]
  0x00000177cf34e6a0 JavaThread "Cancel handler"                    [_thread_blocked, id=37760, stack(0x0000007121200000,0x0000007121300000) (1024K)]
  0x00000177cf351580 JavaThread "Daemon worker Thread 12"           [_thread_in_native, id=22200, stack(0x0000007122400000,0x0000007122500000) (1024K)]
  0x00000177d6756fe0 JavaThread "Asynchronous log dispatcher for DefaultDaemonConnection: socket connection from /127.0.0.1:63193 to /127.0.0.1:51159"        [_thread_blocked, id=41284, stack(0x0000007122d00000,0x0000007122e00000) (1024K)]
  0x00000177d6753930 JavaThread "Stdin handler"                     [_thread_blocked, id=39088, stack(0x0000007122e00000,0x0000007122f00000) (1024K)]
  0x00000177d6754100 JavaThread "Daemon client event forwarder"        [_thread_blocked, id=42696, stack(0x0000007122f00000,0x0000007123000000) (1024K)]
  0x00000177d67550a0 JavaThread "Cache worker for file hash cache (C:\Project\Instagram\.gradle\9.2.1\fileHashes)"        [_thread_blocked, id=39596, stack(0x0000007123000000,0x0000007123100000) (1024K)]
  0x00000177d6755870 JavaThread "Cache worker for Build Output Cleanup Cache (C:\Project\Instagram\.gradle\buildOutputCleanup)"        [_thread_blocked, id=24100, stack(0x0000007123100000,0x0000007123200000) (1024K)]
  0x00000177cfb0e710 JavaThread "Cache worker for checksums cache (C:\Project\Instagram\.gradle\9.2.1\checksums)"        [_thread_blocked, id=38096, stack(0x0000007123200000,0x0000007123300000) (1024K)]
  0x00000177cfb0d770 JavaThread "Cache worker for cache directory md-supplier (C:\Users\ksove\.gradle\caches\9.2.1\md-supplier)"        [_thread_blocked, id=40884, stack(0x0000007123300000,0x0000007123400000) (1024K)]
  0x00000177cfb0b060 JavaThread "Cache worker for cache directory md-rule (C:\Users\ksove\.gradle\caches\9.2.1\md-rule)"        [_thread_blocked, id=10748, stack(0x0000007123800000,0x0000007123900000) (1024K)]
  0x00000177cfb0b830 JavaThread "Unconstrained build operations"        [_thread_blocked, id=32488, stack(0x0000007123e00000,0x0000007123f00000) (1024K)]
  0x00000177cfb0cfa0 JavaThread "Unconstrained build operations Thread 2"        [_thread_blocked, id=40120, stack(0x0000007124e00000,0x0000007124f00000) (1024K)]
  0x00000177cfb0df40 JavaThread "Unconstrained build operations Thread 3"        [_thread_blocked, id=10260, stack(0x0000007124f00000,0x0000007125000000) (1024K)]
  0x00000177cfb0c000 JavaThread "Unconstrained build operations Thread 4"        [_thread_blocked, id=30044, stack(0x0000007125000000,0x0000007125100000) (1024K)]
  0x00000177cee37c30 JavaThread "Unconstrained build operations Thread 5"        [_thread_blocked, id=1256, stack(0x0000007125100000,0x0000007125200000) (1024K)]
  0x00000177cee38bd0 JavaThread "Unconstrained build operations Thread 6"        [_thread_blocked, id=15212, stack(0x0000007125200000,0x0000007125300000) (1024K)]
  0x00000177cee39b70 JavaThread "Unconstrained build operations Thread 7"        [_thread_blocked, id=11856, stack(0x0000007125300000,0x0000007125400000) (1024K)]
  0x00000177cee3a340 JavaThread "Unconstrained build operations Thread 8"        [_thread_blocked, id=14208, stack(0x0000007125400000,0x0000007125500000) (1024K)]
  0x00000177cee38400 JavaThread "Unconstrained build operations Thread 9"        [_thread_blocked, id=26076, stack(0x0000007125500000,0x0000007125600000) (1024K)]
  0x00000177ccce1980 JavaThread "Unconstrained build operations Thread 10"        [_thread_blocked, id=45376, stack(0x0000007125600000,0x0000007125700000) (1024K)]
  0x00000177d05ad540 JavaThread "Unconstrained build operations Thread 11"        [_thread_blocked, id=48768, stack(0x0000007125700000,0x0000007125800000) (1024K)]
  0x00000177d05a9e90 JavaThread "Unconstrained build operations Thread 12"        [_thread_blocked, id=1288, stack(0x0000007125800000,0x0000007125900000) (1024K)]
  0x00000177d05ab600 JavaThread "Unconstrained build operations Thread 13"        [_thread_blocked, id=38196, stack(0x0000007125900000,0x0000007125a00000) (1024K)]
  0x00000177d05abdd0 JavaThread "Unconstrained build operations Thread 14"        [_thread_blocked, id=11092, stack(0x0000007125a00000,0x0000007125b00000) (1024K)]
  0x00000177d05ac5a0 JavaThread "Unconstrained build operations Thread 15"        [_thread_blocked, id=18944, stack(0x0000007125b00000,0x0000007125c00000) (1024K)]
  0x00000177d5d57ee0 JavaThread "Unconstrained build operations Thread 16"        [_thread_blocked, id=31520, stack(0x0000007125c00000,0x0000007125d00000) (1024K)]
  0x00000177d5d59650 JavaThread "Unconstrained build operations Thread 17"        [_thread_blocked, id=24636, stack(0x0000007125d00000,0x0000007125e00000) (1024K)]
  0x00000177d5d5adc0 JavaThread "Unconstrained build operations Thread 18"        [_thread_blocked, id=35588, stack(0x0000007125e00000,0x0000007125f00000) (1024K)]
  0x00000177d5d586b0 JavaThread "Unconstrained build operations Thread 19"        [_thread_blocked, id=49032, stack(0x0000007125f00000,0x0000007126000000) (1024K)]
  0x00000177d5d59e20 JavaThread "Unconstrained build operations Thread 20"        [_thread_blocked, id=42236, stack(0x0000007126000000,0x0000007126100000) (1024K)]
  0x00000177d5d58e80 JavaThread "Unconstrained build operations Thread 21"        [_thread_blocked, id=23680, stack(0x0000007126100000,0x0000007126200000) (1024K)]
  0x00000177d5d5a5f0 JavaThread "Unconstrained build operations Thread 22"        [_thread_blocked, id=47964, stack(0x0000007126200000,0x0000007126300000) (1024K)]
  0x00000177d5d5b590 JavaThread "Unconstrained build operations Thread 23"        [_thread_blocked, id=47556, stack(0x0000007126300000,0x0000007126400000) (1024K)]
  0x00000177ca056140 JavaThread "Unconstrained build operations Thread 24"        [_thread_blocked, id=32208, stack(0x0000007126400000,0x0000007126500000) (1024K)]
  0x00000177ca054200 JavaThread "Unconstrained build operations Thread 25"        [_thread_blocked, id=7496, stack(0x0000007126500000,0x0000007126600000) (1024K)]
  0x00000177ca055970 JavaThread "Unconstrained build operations Thread 26"        [_thread_blocked, id=9388, stack(0x0000007126600000,0x0000007126700000) (1024K)]
  0x00000177ca052a90 JavaThread "Unconstrained build operations Thread 27"        [_thread_blocked, id=10420, stack(0x0000007126700000,0x0000007126800000) (1024K)]
  0x00000177ca053260 JavaThread "Unconstrained build operations Thread 28"        [_thread_blocked, id=37712, stack(0x0000007126800000,0x0000007126900000) (1024K)]
  0x00000177ca0551a0 JavaThread "Unconstrained build operations Thread 29"        [_thread_blocked, id=44636, stack(0x0000007126900000,0x0000007126a00000) (1024K)]
  0x00000177ca053a30 JavaThread "Unconstrained build operations Thread 30"        [_thread_blocked, id=41452, stack(0x0000007126a00000,0x0000007126b00000) (1024K)]
  0x00000177ca0549d0 JavaThread "Unconstrained build operations Thread 31"        [_thread_blocked, id=42080, stack(0x0000007126b00000,0x0000007126c00000) (1024K)]
  0x00000177d07a34e0 JavaThread "Unconstrained build operations Thread 32"        [_thread_blocked, id=13444, stack(0x0000007126c00000,0x0000007126d00000) (1024K)]
  0x00000177d07a2d10 JavaThread "Unconstrained build operations Thread 33"        [_thread_blocked, id=19948, stack(0x0000007126d00000,0x0000007126e00000) (1024K)]
  0x00000177d07a2540 JavaThread "Unconstrained build operations Thread 34"        [_thread_blocked, id=2380, stack(0x0000007126e00000,0x0000007126f00000) (1024K)]
  0x00000177d07a5420 JavaThread "Unconstrained build operations Thread 35"        [_thread_blocked, id=15328, stack(0x0000007126f00000,0x0000007127000000) (1024K)]
  0x00000177d07a5bf0 JavaThread "Unconstrained build operations Thread 36"        [_thread_blocked, id=41344, stack(0x0000007127000000,0x0000007127100000) (1024K)]
  0x00000177d07a3cb0 JavaThread "Unconstrained build operations Thread 37"        [_thread_blocked, id=47984, stack(0x0000007127100000,0x0000007127200000) (1024K)]
  0x00000177d07a4480 JavaThread "Unconstrained build operations Thread 38"        [_thread_blocked, id=26084, stack(0x0000007127200000,0x0000007127300000) (1024K)]
  0x00000177d07a4c50 JavaThread "Unconstrained build operations Thread 39"        [_thread_blocked, id=35720, stack(0x0000007127300000,0x0000007127400000) (1024K)]
  0x00000177cb34e1e0 JavaThread "Unconstrained build operations Thread 40"        [_thread_blocked, id=3884, stack(0x0000007127400000,0x0000007127500000) (1024K)]
  0x00000177cb34ca70 JavaThread "Unconstrained build operations Thread 41"        [_thread_blocked, id=21720, stack(0x0000007127500000,0x0000007127600000) (1024K)]
  0x00000177cb34f950 JavaThread "Unconstrained build operations Thread 42"        [_thread_blocked, id=4472, stack(0x0000007127600000,0x0000007127700000) (1024K)]
  0x00000177cb350120 JavaThread "Unconstrained build operations Thread 43"        [_thread_blocked, id=2900, stack(0x0000007127700000,0x0000007127800000) (1024K)]
  0x00000177cb34e9b0 JavaThread "Unconstrained build operations Thread 44"        [_thread_blocked, id=1524, stack(0x0000007127800000,0x0000007127900000) (1024K)]
  0x00000177cb34d240 JavaThread "Unconstrained build operations Thread 45"        [_thread_blocked, id=5620, stack(0x0000007127900000,0x0000007127a00000) (1024K)]
  0x00000177cb34da10 JavaThread "Unconstrained build operations Thread 46"        [_thread_blocked, id=41624, stack(0x0000007127a00000,0x0000007127b00000) (1024K)]
  0x00000177cb34f180 JavaThread "Unconstrained build operations Thread 47"        [_thread_blocked, id=40692, stack(0x0000007127b00000,0x0000007127c00000) (1024K)]
  0x00000177cd853170 JavaThread "Unconstrained build operations Thread 48"        [_thread_blocked, id=47160, stack(0x0000007127c00000,0x0000007127d00000) (1024K)]
  0x00000177cd856820 JavaThread "Unconstrained build operations Thread 49"        [_thread_blocked, id=9192, stack(0x0000007127d00000,0x0000007127e00000) (1024K)]
  0x00000177cd8550b0 JavaThread "Unconstrained build operations Thread 50"        [_thread_blocked, id=24912, stack(0x0000007127e00000,0x0000007127f00000) (1024K)]
  0x00000177cd855880 JavaThread "Unconstrained build operations Thread 51"        [_thread_blocked, id=37848, stack(0x0000007127f00000,0x0000007128000000) (1024K)]
  0x00000177cd854110 JavaThread "Unconstrained build operations Thread 52"        [_thread_blocked, id=10836, stack(0x0000007128000000,0x0000007128100000) (1024K)]
  0x00000177cffbaf10 JavaThread "Unconstrained build operations Thread 53"        [_thread_blocked, id=45064, stack(0x0000007128100000,0x0000007128200000) (1024K)]
  0x00000177cdba2c20 JavaThread "Unconstrained build operations Thread 54"        [_thread_blocked, id=9720, stack(0x0000007128200000,0x0000007128300000) (1024K)]
  0x00000177d6cd8830 JavaThread "Unconstrained build operations Thread 55"        [_thread_blocked, id=18208, stack(0x0000007128300000,0x0000007128400000) (1024K)]
  0x00000177d6cd97d0 JavaThread "Unconstrained build operations Thread 56"        [_thread_blocked, id=8768, stack(0x0000007128400000,0x0000007128500000) (1024K)]
  0x00000177d6cdaf40 JavaThread "Unconstrained build operations Thread 57"        [_thread_blocked, id=4404, stack(0x0000007128500000,0x0000007128600000) (1024K)]
  0x00000177d6cd9000 JavaThread "Unconstrained build operations Thread 58"        [_thread_blocked, id=21660, stack(0x0000007128600000,0x0000007128700000) (1024K)]
  0x00000177d6cda770 JavaThread "Unconstrained build operations Thread 59"        [_thread_blocked, id=26396, stack(0x0000007128700000,0x0000007128800000) (1024K)]
  0x00000177d01a00e0 JavaThread "Unconstrained build operations Thread 60"        [_thread_blocked, id=19608, stack(0x0000007128800000,0x0000007128900000) (1024K)]
  0x00000177d01a1080 JavaThread "Unconstrained build operations Thread 61"        [_thread_blocked, id=26336, stack(0x0000007128900000,0x0000007128a00000) (1024K)]
  0x00000177d5e6d6a0 JavaThread "Unconstrained build operations Thread 62"        [_thread_blocked, id=31620, stack(0x0000007128a00000,0x0000007128b00000) (1024K)]
  0x00000177cc969230 JavaThread "Unconstrained build operations Thread 63"        [_thread_blocked, id=26328, stack(0x0000007128b00000,0x0000007128c00000) (1024K)]
  0x00000177cc96a9a0 JavaThread "Unconstrained build operations Thread 64"        [_thread_blocked, id=8836, stack(0x0000007128c00000,0x0000007128d00000) (1024K)]
  0x00000177cc969a00 JavaThread "Unconstrained build operations Thread 65"        [_thread_blocked, id=7744, stack(0x0000007128d00000,0x0000007128e00000) (1024K)]
  0x00000177cc9672f0 JavaThread "Unconstrained build operations Thread 66"        [_thread_blocked, id=42168, stack(0x0000007128e00000,0x0000007128f00000) (1024K)]
  0x00000177cc96a1d0 JavaThread "Unconstrained build operations Thread 67"        [_thread_blocked, id=37684, stack(0x0000007128f00000,0x0000007129000000) (1024K)]
  0x00000177d5eb4910 JavaThread "Unconstrained build operations Thread 68"        [_thread_blocked, id=13756, stack(0x0000007129000000,0x0000007129100000) (1024K)]
  0x00000177d5eb50e0 JavaThread "Unconstrained build operations Thread 69"        [_thread_blocked, id=42636, stack(0x0000007129100000,0x0000007129200000) (1024K)]
  0x00000177d5eb58b0 JavaThread "Unconstrained build operations Thread 70"        [_thread_blocked, id=33416, stack(0x0000007129200000,0x0000007129300000) (1024K)]
  0x00000177d5eafaf0 JavaThread "Unconstrained build operations Thread 71"        [_thread_blocked, id=8528, stack(0x0000007129300000,0x0000007129400000) (1024K)]
  0x00000177d5eb31a0 JavaThread "Unconstrained build operations Thread 72"        [_thread_blocked, id=5568, stack(0x0000007129400000,0x0000007129500000) (1024K)]
  0x00000177d5eb29d0 JavaThread "ForkJoinPool.commonPool-worker-121" daemon [_thread_blocked, id=30652, stack(0x0000007129500000,0x0000007129600000) (1024K)]
  0x00000177cf517590 JavaThread "ForkJoinPool.commonPool-worker-122" daemon [_thread_blocked, id=39860, stack(0x0000007129700000,0x0000007129800000) (1024K)]
  0x00000177d005ff40 JavaThread "ForkJoinPool.commonPool-worker-123" daemon [_thread_blocked, id=44660, stack(0x0000007129800000,0x0000007129900000) (1024K)]
  0x00000177cf518d00 JavaThread "ForkJoinPool.commonPool-worker-124" daemon [_thread_blocked, id=24180, stack(0x0000007129900000,0x0000007129a00000) (1024K)]
  0x00000177d005f770 JavaThread "ForkJoinPool.commonPool-worker-125" daemon [_thread_blocked, id=25792, stack(0x0000007129a00000,0x0000007129b00000) (1024K)]
  0x00000177cf517d60 JavaThread "ForkJoinPool.commonPool-worker-126" daemon [_thread_blocked, id=29528, stack(0x0000007129b00000,0x0000007129c00000) (1024K)]
  0x00000177d019f910 JavaThread "ForkJoinPool.commonPool-worker-127" daemon [_thread_blocked, id=39984, stack(0x0000007129c00000,0x0000007129d00000) (1024K)]
  0x00000177cc968290 JavaThread "ForkJoinPool.commonPool-worker-128" daemon [_thread_blocked, id=16344, stack(0x0000007129d00000,0x0000007129e00000) (1024K)]
  0x00000177d01a2020 JavaThread "ForkJoinPool.commonPool-worker-129" daemon [_thread_blocked, id=24888, stack(0x0000007129e00000,0x0000007129f00000) (1024K)]
  0x00000177d5b30570 JavaThread "ForkJoinPool.commonPool-worker-130" daemon [_thread_blocked, id=13976, stack(0x0000007129f00000,0x000000712a000000) (1024K)]
  0x00000177d6be8350 JavaThread "ForkJoinPool.commonPool-worker-131" daemon [_thread_blocked, id=31544, stack(0x000000712a000000,0x000000712a100000) (1024K)]
  0x00000177cfd83390 JavaThread "Unconstrained build operations Thread 73"        [_thread_blocked, id=24068, stack(0x000000712a100000,0x000000712a200000) (1024K)]
  0x00000177cfd83b60 JavaThread "Unconstrained build operations Thread 74"        [_thread_blocked, id=29556, stack(0x000000712a200000,0x000000712a300000) (1024K)]
  0x00000177cfd84b00 JavaThread "Unconstrained build operations Thread 75"        [_thread_blocked, id=16668, stack(0x000000712a300000,0x000000712a400000) (1024K)]
  0x00000177d01a08b0 JavaThread "Unconstrained build operations Thread 76"        [_thread_blocked, id=5164, stack(0x000000712a400000,0x000000712a500000) (1024K)]
  0x00000177d01a2fc0 JavaThread "Unconstrained build operations Thread 77"        [_thread_blocked, id=16376, stack(0x000000712a500000,0x000000712a600000) (1024K)]
  0x00000177cc968a60 JavaThread "Unconstrained build operations Thread 78"        [_thread_blocked, id=8568, stack(0x000000712a600000,0x000000712a700000) (1024K)]
  0x00000177cfc16300 JavaThread "Unconstrained build operations Thread 79"        [_thread_blocked, id=37032, stack(0x000000712a700000,0x000000712a800000) (1024K)]
  0x00000177cfc191e0 JavaThread "Unconstrained build operations Thread 80"        [_thread_blocked, id=22300, stack(0x000000712a800000,0x000000712a900000) (1024K)]
  0x00000177cfc18a10 JavaThread "Unconstrained build operations Thread 81"        [_thread_blocked, id=19620, stack(0x000000712a900000,0x000000712aa00000) (1024K)]
  0x00000177cfc15b30 JavaThread "Unconstrained build operations Thread 82"        [_thread_blocked, id=14648, stack(0x000000712aa00000,0x000000712ab00000) (1024K)]
  0x00000177cfc16ad0 JavaThread "Unconstrained build operations Thread 83"        [_thread_blocked, id=36224, stack(0x000000712ab00000,0x000000712ac00000) (1024K)]
  0x00000177cfc172a0 JavaThread "Unconstrained build operations Thread 84"        [_thread_blocked, id=33496, stack(0x000000712ac00000,0x000000712ad00000) (1024K)]
  0x00000177cfc17a70 JavaThread "Unconstrained build operations Thread 85"        [_thread_blocked, id=13688, stack(0x000000712ad00000,0x000000712ae00000) (1024K)]
  0x00000177cfc18240 JavaThread "Unconstrained build operations Thread 86"        [_thread_blocked, id=8308, stack(0x000000712ae00000,0x000000712af00000) (1024K)]
  0x00000177cf1d5230 JavaThread "Unconstrained build operations Thread 87"        [_thread_blocked, id=48896, stack(0x000000712af00000,0x000000712b000000) (1024K)]
  0x00000177cf1d32f0 JavaThread "Unconstrained build operations Thread 88"        [_thread_blocked, id=29908, stack(0x000000712b000000,0x000000712b100000) (1024K)]
  0x00000177cf1d61d0 JavaThread "Unconstrained build operations Thread 89"        [_thread_blocked, id=8716, stack(0x000000712b100000,0x000000712b200000) (1024K)]
  0x00000177d045b440 JavaThread "Unconstrained build operations Thread 90"        [_thread_blocked, id=4232, stack(0x000000712b200000,0x000000712b300000) (1024K)]
  0x00000177d045e320 JavaThread "Unconstrained build operations Thread 91"        [_thread_blocked, id=42132, stack(0x000000712b300000,0x000000712b400000) (1024K)]
  0x00000177d045db50 JavaThread "Unconstrained build operations Thread 92"        [_thread_blocked, id=15908, stack(0x000000712b400000,0x000000712b500000) (1024K)]
  0x00000177d045cbb0 JavaThread "Unconstrained build operations Thread 93"        [_thread_blocked, id=32800, stack(0x000000712b500000,0x000000712b600000) (1024K)]
  0x00000177d045eaf0 JavaThread "Unconstrained build operations Thread 94"        [_thread_blocked, id=42760, stack(0x000000712b600000,0x000000712b700000) (1024K)]
  0x00000177d045d380 JavaThread "Unconstrained build operations Thread 95"        [_thread_blocked, id=24572, stack(0x000000712b700000,0x000000712b800000) (1024K)]
  0x00000177cfb40750 JavaThread "Unconstrained build operations Thread 96"        [_thread_blocked, id=1828, stack(0x000000712b800000,0x000000712b900000) (1024K)]
  0x00000177cfb3d0a0 JavaThread "Unconstrained build operations Thread 97"        [_thread_blocked, id=13996, stack(0x000000712b900000,0x000000712ba00000) (1024K)]
  0x00000177cfb3d870 JavaThread "Unconstrained build operations Thread 98"        [_thread_blocked, id=16880, stack(0x000000712ba00000,0x000000712bb00000) (1024K)]
  0x00000177cfb3e040 JavaThread "Unconstrained build operations Thread 99"        [_thread_blocked, id=11536, stack(0x000000712bb00000,0x000000712bc00000) (1024K)]
  0x00000177cfb3e810 JavaThread "Unconstrained build operations Thread 100"        [_thread_blocked, id=35772, stack(0x000000712bc00000,0x000000712bd00000) (1024K)]
  0x00000177cfb3efe0 JavaThread "Unconstrained build operations Thread 101"        [_thread_blocked, id=1456, stack(0x000000712bd00000,0x000000712be00000) (1024K)]
  0x00000177cfb3f7b0 JavaThread "Unconstrained build operations Thread 102"        [_thread_blocked, id=14700, stack(0x000000712be00000,0x000000712bf00000) (1024K)]
  0x00000177d0359ec0 JavaThread "Unconstrained build operations Thread 103"        [_thread_blocked, id=11616, stack(0x000000712bf00000,0x000000712c000000) (1024K)]
  0x00000177d035a690 JavaThread "Unconstrained build operations Thread 104"        [_thread_blocked, id=38784, stack(0x000000712c000000,0x000000712c100000) (1024K)]
  0x00000177d0358f20 JavaThread "Unconstrained build operations Thread 105"        [_thread_blocked, id=22908, stack(0x000000712c100000,0x000000712c200000) (1024K)]
  0x00000177d035ae60 JavaThread "Unconstrained build operations Thread 106"        [_thread_blocked, id=46828, stack(0x000000712c200000,0x000000712c300000) (1024K)]
  0x00000177d03596f0 JavaThread "Unconstrained build operations Thread 107"        [_thread_blocked, id=33964, stack(0x000000712c300000,0x000000712c400000) (1024K)]
  0x00000177d035b630 JavaThread "Unconstrained build operations Thread 108"        [_thread_blocked, id=31988, stack(0x000000712c400000,0x000000712c500000) (1024K)]
  0x00000177d0357f80 JavaThread "Unconstrained build operations Thread 109"        [_thread_blocked, id=19420, stack(0x000000712c500000,0x000000712c600000) (1024K)]
  0x00000177d0358750 JavaThread "Unconstrained build operations Thread 110"        [_thread_blocked, id=17444, stack(0x000000712c600000,0x000000712c700000) (1024K)]
  0x00000177c9584d70 JavaThread "Unconstrained build operations Thread 111"        [_thread_blocked, id=12068, stack(0x000000712c700000,0x000000712c800000) (1024K)]
  0x00000177c9585540 JavaThread "Unconstrained build operations Thread 112"        [_thread_blocked, id=44424, stack(0x000000712c800000,0x000000712c900000) (1024K)]
  0x00000177c9585d10 JavaThread "Unconstrained build operations Thread 113"        [_thread_blocked, id=45660, stack(0x000000712c900000,0x000000712ca00000) (1024K)]
  0x00000177c9588420 JavaThread "Unconstrained build operations Thread 114"        [_thread_blocked, id=34856, stack(0x000000712ca00000,0x000000712cb00000) (1024K)]
  0x00000177c95864e0 JavaThread "Unconstrained build operations Thread 115"        [_thread_blocked, id=35224, stack(0x000000712cb00000,0x000000712cc00000) (1024K)]
  0x00000177c9586cb0 JavaThread "Unconstrained build operations Thread 116"        [_thread_blocked, id=43896, stack(0x000000712cc00000,0x000000712cd00000) (1024K)]
  0x00000177c9587480 JavaThread "Unconstrained build operations Thread 117"        [_thread_blocked, id=38232, stack(0x000000712cd00000,0x000000712ce00000) (1024K)]
  0x00000177c9587c50 JavaThread "Unconstrained build operations Thread 118"        [_thread_blocked, id=11320, stack(0x000000712ce00000,0x000000712cf00000) (1024K)]
  0x00000177d06220a0 JavaThread "Unconstrained build operations Thread 119"        [_thread_blocked, id=20320, stack(0x000000712cf00000,0x000000712d000000) (1024K)]
  0x00000177d06247b0 JavaThread "Unconstrained build operations Thread 120"        [_thread_blocked, id=45084, stack(0x000000712d000000,0x000000712d100000) (1024K)]
Total: 177

Other Threads:
  0x00000177a9a42700 VMThread "VM Thread"                           [id=16520, stack(0x0000007121900000,0x0000007121a00000) (1024K)]
  0x00000177a9a37410 WatcherThread "VM Periodic Task Thread"        [id=17064, stack(0x0000007121800000,0x0000007121900000) (1024K)]
  0x00000177a99b4ae0 WorkerThread "GC Thread#0"                     [id=33332, stack(0x0000007121300000,0x0000007121400000) (1024K)]
  0x00000177ca154200 WorkerThread "GC Thread#1"                     [id=45456, stack(0x0000007122600000,0x0000007122700000) (1024K)]
  0x00000177ca154aa0 WorkerThread "GC Thread#2"                     [id=45964, stack(0x0000007122700000,0x0000007122800000) (1024K)]
  0x00000177ca1568d0 WorkerThread "GC Thread#3"                     [id=48380, stack(0x0000007122800000,0x0000007122900000) (1024K)]
  0x00000177ca155790 WorkerThread "GC Thread#4"                     [id=41176, stack(0x0000007122900000,0x0000007122a00000) (1024K)]
  0x00000177ca155be0 WorkerThread "GC Thread#5"                     [id=15720, stack(0x0000007122a00000,0x0000007122b00000) (1024K)]
  0x00000177ca156030 WorkerThread "GC Thread#6"                     [id=40300, stack(0x0000007123400000,0x0000007123500000) (1024K)]
  0x00000177ca153510 WorkerThread "GC Thread#7"                     [id=38472, stack(0x0000007123500000,0x0000007123600000) (1024K)]
  0x00000177ca153960 WorkerThread "GC Thread#8"                     [id=33592, stack(0x0000007123600000,0x0000007123700000) (1024K)]
  0x00000177cb0b1290 WorkerThread "GC Thread#9"                     [id=10840, stack(0x0000007123700000,0x0000007123800000) (1024K)]
  0x00000177a76ee2b0 ConcurrentGCThread "G1 Main Marker"            [id=48948, stack(0x0000007121400000,0x0000007121500000) (1024K)]
  0x00000177a99b9750 WorkerThread "G1 Conc#0"                       [id=32956, stack(0x0000007121500000,0x0000007121600000) (1024K)]
  0x00000177cb0ada80 WorkerThread "G1 Conc#1"                       [id=13956, stack(0x0000007123c00000,0x0000007123d00000) (1024K)]
  0x00000177cb0ae770 WorkerThread "G1 Conc#2"                       [id=36508, stack(0x0000007123d00000,0x0000007123e00000) (1024K)]
  0x00000177a9a22900 ConcurrentGCThread "G1 Refine#0"               [id=15248, stack(0x0000007121600000,0x0000007121700000) (1024K)]
  0x00000177a9a27330 ConcurrentGCThread "G1 Service"                [id=28688, stack(0x0000007121700000,0x0000007121800000) (1024K)]
Total: 18

Threads with active compile tasks:
C2 CompilerThread0  23080677 41968 %     4       org.gradle.api.internal.artifacts.ivyservice.resolveengine.graph.builder.DependencyGraphBuilder$1::execute @ 17 (269 bytes)
Total: 1

VM state: not at safepoint (normal execution)

VM Mutex/Monitor currently owned by a thread: None

Heap address: 0x00000000e0000000, size: 512 MB, Compressed Oops mode: 32-bit

CDS archive(s) mapped at: [0x000000005d000000-0x000000005ddd0000-0x000000005ddd0000), size 14483456, SharedBaseAddress: 0x000000005d000000, ArchiveRelocationMode: 1.
Compressed class space mapped at: 0x000000005e000000-0x0000000072000000, reserved size: 335544320
UseCompressedClassPointers 1, UseCompactObjectHeaders 0
Narrow klass pointer bits 32, Max shift 3
Narrow klass base: 0x000000005d000000, Narrow klass shift: 0
Encoding Range: [0x000000005d000000 - 0x000000015d000000), (4294967296 bytes)
Klass Range:    [0x000000005d010000 - 0x0000000072000000), (352256000 bytes)
Klass ID Range:  [65536 - 352321529) (352255993)
Protection zone: [0x000000005d000000 - 0x000000005d010000), (65536 bytes)

GC Precious Log:
 CardTable entry size: 512
 Card Set container configuration: InlinePtr #cards 5 size 8 Array Of Cards #cards 10 size 36 Howl #buckets 4 coarsen threshold 1843 Howl Bitmap #cards 512 size 80 coarsen threshold 460 Card regions per heap region 1 cards per card region 2048
 CPUs: 12 total, 12 available
 Memory: 16312M
 Large Page Support: Disabled
 NUMA Support: Disabled
 Compressed Oops: Enabled (32-bit)
 Heap Region Size: 1M
 Heap Min Capacity: 256M
 Heap Initial Capacity: 256M
 Heap Max Capacity: 512M
 Pre-touch: Disabled
 Parallel Workers: 10
 Concurrent Workers: 3
 Concurrent Refinement Workers: 10
 Periodic GC: Disabled

Heap:
 garbage-first heap   total reserved 524288K, committed 320512K, used 249921K [0x00000000e0000000, 0x0000000100000000)
  region size 1024K, 123 young (125952K), 3 survivors (3072K)

Heap Regions: E=young(eden), S=young(survivor), O=old, HS=humongous(starts), HC=humongous(continues), CS=collection set, F=free, TAMS=top-at-mark-start, PB=parsable bottom
|   0|0x00000000e0000000, 0x00000000e0100000, 0x00000000e0100000|100%|HS|  |TAMS 0x00000000e0000000| PB 0x00000000e0000000| Complete |  0
|   1|0x00000000e0100000, 0x00000000e0200000, 0x00000000e0200000|100%|HC|  |TAMS 0x00000000e0100000| PB 0x00000000e0100000| Complete |  0
|   2|0x00000000e0200000, 0x00000000e0300000, 0x00000000e0300000|100%|HC|  |TAMS 0x00000000e0200000| PB 0x00000000e0200000| Complete |  0
|   3|0x00000000e0300000, 0x00000000e0400000, 0x00000000e0400000|100%|HC|  |TAMS 0x00000000e0300000| PB 0x00000000e0300000| Complete |  0
|   4|0x00000000e0400000, 0x00000000e0500000, 0x00000000e0500000|100%| O|  |TAMS 0x00000000e0400000| PB 0x00000000e0400000| Untracked |  0
|   5|0x00000000e0500000, 0x00000000e0600000, 0x00000000e0600000|100%|HS|  |TAMS 0x00000000e0500000| PB 0x00000000e0500000| Complete |  0
|   6|0x00000000e0600000, 0x00000000e0700000, 0x00000000e0700000|100%|HS|  |TAMS 0x00000000e0600000| PB 0x00000000e0600000| Complete |  0
|   7|0x00000000e0700000, 0x00000000e0800000, 0x00000000e0800000|100%| O|  |TAMS 0x00000000e0700000| PB 0x00000000e0700000| Untracked |  0
|   8|0x00000000e0800000, 0x00000000e0900000, 0x00000000e0900000|100%|HS|  |TAMS 0x00000000e0800000| PB 0x00000000e0800000| Complete |  0
|   9|0x00000000e0900000, 0x00000000e0a00000, 0x00000000e0a00000|100%| O|  |TAMS 0x00000000e0900000| PB 0x00000000e0900000| Untracked |  0
|  10|0x00000000e0a00000, 0x00000000e0b00000, 0x00000000e0b00000|100%| O|  |TAMS 0x00000000e0a00000| PB 0x00000000e0a00000| Untracked |  0
|  11|0x00000000e0b00000, 0x00000000e0c00000, 0x00000000e0c00000|100%| O|  |TAMS 0x00000000e0b00000| PB 0x00000000e0b00000| Untracked |  0
|  12|0x00000000e0c00000, 0x00000000e0d00000, 0x00000000e0d00000|100%| O|  |TAMS 0x00000000e0c00000| PB 0x00000000e0c00000| Untracked |  0
|  13|0x00000000e0d00000, 0x00000000e0e00000, 0x00000000e0e00000|100%| O|  |TAMS 0x00000000e0d00000| PB 0x00000000e0d00000| Untracked |  0
|  14|0x00000000e0e00000, 0x00000000e0f00000, 0x00000000e0f00000|100%| O|  |TAMS 0x00000000e0e00000| PB 0x00000000e0e00000| Untracked |  0
|  15|0x00000000e0f00000, 0x00000000e1000000, 0x00000000e1000000|100%|HS|  |TAMS 0x00000000e0f00000| PB 0x00000000e0f00000| Complete |  0
|  16|0x00000000e1000000, 0x00000000e1100000, 0x00000000e1100000|100%|HC|  |TAMS 0x00000000e1000000| PB 0x00000000e1000000| Complete |  0
|  17|0x00000000e1100000, 0x00000000e1200000, 0x00000000e1200000|100%|HC|  |TAMS 0x00000000e1100000| PB 0x00000000e1100000| Complete |  0
|  18|0x00000000e1200000, 0x00000000e1300000, 0x00000000e1300000|100%|HC|  |TAMS 0x00000000e1200000| PB 0x00000000e1200000| Complete |  0
|  19|0x00000000e1300000, 0x00000000e1400000, 0x00000000e1400000|100%|HC|  |TAMS 0x00000000e1300000| PB 0x00000000e1300000| Complete |  0
|  20|0x00000000e1400000, 0x00000000e1500000, 0x00000000e1500000|100%|HC|  |TAMS 0x00000000e1400000| PB 0x00000000e1400000| Complete |  0
|  21|0x00000000e1500000, 0x00000000e1600000, 0x00000000e1600000|100%|HS|  |TAMS 0x00000000e1500000| PB 0x00000000e1500000| Complete |  0
|  22|0x00000000e1600000, 0x00000000e1700000, 0x00000000e1700000|100%|HC|  |TAMS 0x00000000e1600000| PB 0x00000000e1600000| Complete |  0
|  23|0x00000000e1700000, 0x00000000e1800000, 0x00000000e1800000|100%|HS|  |TAMS 0x00000000e1700000| PB 0x00000000e1700000| Complete |  0
|  24|0x00000000e1800000, 0x00000000e1900000, 0x00000000e1900000|100%|HC|  |TAMS 0x00000000e1800000| PB 0x00000000e1800000| Complete |  0
|  25|0x00000000e1900000, 0x00000000e1a00000, 0x00000000e1a00000|100%|HC|  |TAMS 0x00000000e1900000| PB 0x00000000e1900000| Complete |  0
|  26|0x00000000e1a00000, 0x00000000e1b00000, 0x00000000e1b00000|100%|HC|  |TAMS 0x00000000e1a00000| PB 0x00000000e1a00000| Complete |  0
|  27|0x00000000e1b00000, 0x00000000e1c00000, 0x00000000e1c00000|100%|HC|  |TAMS 0x00000000e1b00000| PB 0x00000000e1b00000| Complete |  0
|  28|0x00000000e1c00000, 0x00000000e1d00000, 0x00000000e1d00000|100%|HC|  |TAMS 0x00000000e1c00000| PB 0x00000000e1c00000| Complete |  0
|  29|0x00000000e1d00000, 0x00000000e1e00000, 0x00000000e1e00000|100%|HS|  |TAMS 0x00000000e1d00000| PB 0x00000000e1d00000| Complete |  0
|  30|0x00000000e1e00000, 0x00000000e1f00000, 0x00000000e1f00000|100%|HC|  |TAMS 0x00000000e1e00000| PB 0x00000000e1e00000| Complete |  0
|  31|0x00000000e1f00000, 0x00000000e2000000, 0x00000000e2000000|100%| O|  |TAMS 0x00000000e1f00000| PB 0x00000000e1f00000| Untracked |  0
|  32|0x00000000e2000000, 0x00000000e2100000, 0x00000000e2100000|100%| O|  |TAMS 0x00000000e2000000| PB 0x00000000e2000000| Untracked |  0
|  33|0x00000000e2100000, 0x00000000e2200000, 0x00000000e2200000|100%| O|  |TAMS 0x00000000e2100000| PB 0x00000000e2100000| Untracked |  0
|  34|0x00000000e2200000, 0x00000000e2300000, 0x00000000e2300000|100%| O|  |TAMS 0x00000000e2200000| PB 0x00000000e2200000| Untracked |  0
|  35|0x00000000e2300000, 0x00000000e2400000, 0x00000000e2400000|100%| O|  |TAMS 0x00000000e2300000| PB 0x00000000e2300000| Untracked |  0
|  36|0x00000000e2400000, 0x00000000e2500000, 0x00000000e2500000|100%| O|  |TAMS 0x00000000e2400000| PB 0x00000000e2400000| Untracked |  0
|  37|0x00000000e2500000, 0x00000000e2600000, 0x00000000e2600000|100%| O|  |TAMS 0x00000000e2500000| PB 0x00000000e2500000| Untracked |  0
|  38|0x00000000e2600000, 0x00000000e2700000, 0x00000000e2700000|100%| O|  |TAMS 0x00000000e2600000| PB 0x00000000e2600000| Untracked |  0
|  39|0x00000000e2700000, 0x00000000e2800000, 0x00000000e2800000|100%| O|  |TAMS 0x00000000e2700000| PB 0x00000000e2700000| Untracked |  0
|  40|0x00000000e2800000, 0x00000000e2900000, 0x00000000e2900000|100%| O|  |TAMS 0x00000000e2800000| PB 0x00000000e2800000| Untracked |  0
|  41|0x00000000e2900000, 0x00000000e2a00000, 0x00000000e2a00000|100%| O|  |TAMS 0x00000000e2900000| PB 0x00000000e2900000| Untracked |  0
|  42|0x00000000e2a00000, 0x00000000e2b00000, 0x00000000e2b00000|100%|HS|  |TAMS 0x00000000e2a00000| PB 0x00000000e2a00000| Complete |  0
|  43|0x00000000e2b00000, 0x00000000e2c00000, 0x00000000e2c00000|100%|HC|  |TAMS 0x00000000e2b00000| PB 0x00000000e2b00000| Complete |  0
|  44|0x00000000e2c00000, 0x00000000e2d00000, 0x00000000e2d00000|100%| O|  |TAMS 0x00000000e2c00000| PB 0x00000000e2c00000| Untracked |  0
|  45|0x00000000e2d00000, 0x00000000e2e00000, 0x00000000e2e00000|100%| O|  |TAMS 0x00000000e2d00000| PB 0x00000000e2d00000| Untracked |  0
|  46|0x00000000e2e00000, 0x00000000e2f00000, 0x00000000e2f00000|100%| O|  |TAMS 0x00000000e2e00000| PB 0x00000000e2e00000| Untracked |  0
|  47|0x00000000e2f00000, 0x00000000e3000000, 0x00000000e3000000|100%| O|  |TAMS 0x00000000e2f00000| PB 0x00000000e2f00000| Untracked |  0
|  48|0x00000000e3000000, 0x00000000e3100000, 0x00000000e3100000|100%| O|  |TAMS 0x00000000e3000000| PB 0x00000000e3000000| Untracked |  0
|  49|0x00000000e3100000, 0x00000000e3200000, 0x00000000e3200000|100%| O|  |TAMS 0x00000000e3100000| PB 0x00000000e3100000| Untracked |  0
|  50|0x00000000e3200000, 0x00000000e3300000, 0x00000000e3300000|100%| O|  |TAMS 0x00000000e3200000| PB 0x00000000e3200000| Untracked |  0
|  51|0x00000000e3300000, 0x00000000e3400000, 0x00000000e3400000|100%| O|  |TAMS 0x00000000e3300000| PB 0x00000000e3300000| Untracked |  0
|  52|0x00000000e3400000, 0x00000000e3500000, 0x00000000e3500000|100%| O|  |TAMS 0x00000000e3400000| PB 0x00000000e3400000| Untracked |  0
|  53|0x00000000e3500000, 0x00000000e3600000, 0x00000000e3600000|100%| O|  |TAMS 0x00000000e3500000| PB 0x00000000e3500000| Untracked |  0
|  54|0x00000000e3600000, 0x00000000e3700000, 0x00000000e3700000|100%| O|  |TAMS 0x00000000e3600000| PB 0x00000000e3600000| Untracked |  0
|  55|0x00000000e3700000, 0x00000000e3800000, 0x00000000e3800000|100%| O|  |TAMS 0x00000000e3700000| PB 0x00000000e3700000| Untracked |  0
|  56|0x00000000e3800000, 0x00000000e3900000, 0x00000000e3900000|100%| O|  |TAMS 0x00000000e3800000| PB 0x00000000e3800000| Untracked |  0
|  57|0x00000000e3900000, 0x00000000e3a00000, 0x00000000e3a00000|100%| O|  |TAMS 0x00000000e3900000| PB 0x00000000e3900000| Untracked |  0
|  58|0x00000000e3a00000, 0x00000000e3b00000, 0x00000000e3b00000|100%| O|  |TAMS 0x00000000e3a00000| PB 0x00000000e3a00000| Untracked |  0
|  59|0x00000000e3b00000, 0x00000000e3c00000, 0x00000000e3c00000|100%| O|  |TAMS 0x00000000e3b00000| PB 0x00000000e3b00000| Untracked |  0
|  60|0x00000000e3c00000, 0x00000000e3d00000, 0x00000000e3d00000|100%| O|  |TAMS 0x00000000e3c00000| PB 0x00000000e3c00000| Untracked |  0
|  61|0x00000000e3d00000, 0x00000000e3e00000, 0x00000000e3e00000|100%| O|  |TAMS 0x00000000e3d00000| PB 0x00000000e3d00000| Untracked |  0
|  62|0x00000000e3e00000, 0x00000000e3f00000, 0x00000000e3f00000|100%| O|  |TAMS 0x00000000e3e00000| PB 0x00000000e3e00000| Untracked |  0
|  63|0x00000000e3f00000, 0x00000000e4000000, 0x00000000e4000000|100%| O|  |TAMS 0x00000000e3f00000| PB 0x00000000e3f00000| Untracked |  0
|  64|0x00000000e4000000, 0x00000000e4100000, 0x00000000e4100000|100%| O|  |TAMS 0x00000000e4000000| PB 0x00000000e4000000| Untracked |  0
|  65|0x00000000e4100000, 0x00000000e4100000, 0x00000000e4200000|  0%| F|  |TAMS 0x00000000e4100000| PB 0x00000000e4100000| Untracked |  0
|  66|0x00000000e4200000, 0x00000000e4300000, 0x00000000e4300000|100%| O|  |TAMS 0x00000000e4200000| PB 0x00000000e4200000| Untracked |  0
|  67|0x00000000e4300000, 0x00000000e4400000, 0x00000000e4400000|100%| O|  |TAMS 0x00000000e4300000| PB 0x00000000e4300000| Untracked |  0
|  68|0x00000000e4400000, 0x00000000e4400000, 0x00000000e4500000|  0%| F|  |TAMS 0x00000000e4400000| PB 0x00000000e4400000| Untracked |  0
|  69|0x00000000e4500000, 0x00000000e4600000, 0x00000000e4600000|100%| O|  |TAMS 0x00000000e4500000| PB 0x00000000e4500000| Untracked |  0
|  70|0x00000000e4600000, 0x00000000e4700000, 0x00000000e4700000|100%| O|  |TAMS 0x00000000e4600000| PB 0x00000000e4600000| Untracked |  0
|  71|0x00000000e4700000, 0x00000000e4800000, 0x00000000e4800000|100%| O|  |TAMS 0x00000000e4700000| PB 0x00000000e4700000| Untracked |  0
|  72|0x00000000e4800000, 0x00000000e4900000, 0x00000000e4900000|100%| O|  |TAMS 0x00000000e4800000| PB 0x00000000e4800000| Untracked |  0
|  73|0x00000000e4900000, 0x00000000e4a00000, 0x00000000e4a00000|100%| O|  |TAMS 0x00000000e4900000| PB 0x00000000e4900000| Untracked |  0
|  74|0x00000000e4a00000, 0x00000000e4b00000, 0x00000000e4b00000|100%| O|  |TAMS 0x00000000e4a00000| PB 0x00000000e4a00000| Untracked |  0
|  75|0x00000000e4b00000, 0x00000000e4b00000, 0x00000000e4c00000|  0%| F|  |TAMS 0x00000000e4b00000| PB 0x00000000e4b00000| Untracked |  0
|  76|0x00000000e4c00000, 0x00000000e4c00000, 0x00000000e4d00000|  0%| F|  |TAMS 0x00000000e4c00000| PB 0x00000000e4c00000| Untracked |  0
|  77|0x00000000e4d00000, 0x00000000e4e00000, 0x00000000e4e00000|100%| O|  |TAMS 0x00000000e4d00000| PB 0x00000000e4d00000| Untracked |  0
|  78|0x00000000e4e00000, 0x00000000e4f00000, 0x00000000e4f00000|100%| O|  |TAMS 0x00000000e4e00000| PB 0x00000000e4e00000| Untracked |  0
|  79|0x00000000e4f00000, 0x00000000e5000000, 0x00000000e5000000|100%| O|  |TAMS 0x00000000e4f00000| PB 0x00000000e4f00000| Untracked |  0
|  80|0x00000000e5000000, 0x00000000e5100000, 0x00000000e5100000|100%| O|  |TAMS 0x00000000e5000000| PB 0x00000000e5000000| Untracked |  0
|  81|0x00000000e5100000, 0x00000000e5200000, 0x00000000e5200000|100%| O|  |TAMS 0x00000000e5100000| PB 0x00000000e5100000| Untracked |  0
|  82|0x00000000e5200000, 0x00000000e5300000, 0x00000000e5300000|100%| O|  |TAMS 0x00000000e5200000| PB 0x00000000e5200000| Untracked |  0
|  83|0x00000000e5300000, 0x00000000e5400000, 0x00000000e5400000|100%| O|  |TAMS 0x00000000e5300000| PB 0x00000000e5300000| Untracked |  0
|  84|0x00000000e5400000, 0x00000000e5500000, 0x00000000e5500000|100%| O|  |TAMS 0x00000000e5400000| PB 0x00000000e5400000| Untracked |  0
|  85|0x00000000e5500000, 0x00000000e5600000, 0x00000000e5600000|100%| O|  |TAMS 0x00000000e5500000| PB 0x00000000e5500000| Untracked |  0
|  86|0x00000000e5600000, 0x00000000e5700000, 0x00000000e5700000|100%| O|  |TAMS 0x00000000e5600000| PB 0x00000000e5600000| Untracked |  0
|  87|0x00000000e5700000, 0x00000000e5800000, 0x00000000e5800000|100%| O|  |TAMS 0x00000000e5700000| PB 0x00000000e5700000| Untracked |  0
|  88|0x00000000e5800000, 0x00000000e5900000, 0x00000000e5900000|100%| O|  |TAMS 0x00000000e5800000| PB 0x00000000e5800000| Untracked |  0
|  89|0x00000000e5900000, 0x00000000e5a00000, 0x00000000e5a00000|100%| O|  |TAMS 0x00000000e5900000| PB 0x00000000e5900000| Untracked |  0
|  90|0x00000000e5a00000, 0x00000000e5b00000, 0x00000000e5b00000|100%| O|  |TAMS 0x00000000e5a00000| PB 0x00000000e5a00000| Untracked |  0
|  91|0x00000000e5b00000, 0x00000000e5c00000, 0x00000000e5c00000|100%| O|  |TAMS 0x00000000e5b00000| PB 0x00000000e5b00000| Untracked |  0
|  92|0x00000000e5c00000, 0x00000000e5d00000, 0x00000000e5d00000|100%| O|  |TAMS 0x00000000e5c00000| PB 0x00000000e5c00000| Untracked |  0
|  93|0x00000000e5d00000, 0x00000000e5e00000, 0x00000000e5e00000|100%| O|  |TAMS 0x00000000e5d00000| PB 0x00000000e5d00000| Untracked |  0
|  94|0x00000000e5e00000, 0x00000000e5e00000, 0x00000000e5f00000|  0%| F|  |TAMS 0x00000000e5e00000| PB 0x00000000e5e00000| Untracked |  0
|  95|0x00000000e5f00000, 0x00000000e6000000, 0x00000000e6000000|100%| O|  |TAMS 0x00000000e5f00000| PB 0x00000000e5f00000| Untracked |  0
|  96|0x00000000e6000000, 0x00000000e6100000, 0x00000000e6100000|100%| O|  |TAMS 0x00000000e6000000| PB 0x00000000e6000000| Untracked |  0
|  97|0x00000000e6100000, 0x00000000e6200000, 0x00000000e6200000|100%| O|  |TAMS 0x00000000e6100000| PB 0x00000000e6100000| Untracked |  0
|  98|0x00000000e6200000, 0x00000000e6300000, 0x00000000e6300000|100%| O|  |TAMS 0x00000000e6200000| PB 0x00000000e6200000| Untracked |  0
|  99|0x00000000e6300000, 0x00000000e6400000, 0x00000000e6400000|100%| O|  |TAMS 0x00000000e6300000| PB 0x00000000e6300000| Untracked |  0
| 100|0x00000000e6400000, 0x00000000e6500000, 0x00000000e6500000|100%| O|  |TAMS 0x00000000e6400000| PB 0x00000000e6400000| Untracked |  0
| 101|0x00000000e6500000, 0x00000000e6600000, 0x00000000e6600000|100%| O|  |TAMS 0x00000000e6500000| PB 0x00000000e6500000| Untracked |  0
| 102|0x00000000e6600000, 0x00000000e6600000, 0x00000000e6700000|  0%| F|  |TAMS 0x00000000e6600000| PB 0x00000000e6600000| Untracked |  0
| 103|0x00000000e6700000, 0x00000000e6800000, 0x00000000e6800000|100%| O|  |TAMS 0x00000000e6700000| PB 0x00000000e6700000| Untracked |  0
| 104|0x00000000e6800000, 0x00000000e6900000, 0x00000000e6900000|100%| O|  |TAMS 0x00000000e6800000| PB 0x00000000e6800000| Untracked |  0
| 105|0x00000000e6900000, 0x00000000e6a00000, 0x00000000e6a00000|100%| O|  |TAMS 0x00000000e6900000| PB 0x00000000e6900000| Untracked |  0
| 106|0x00000000e6a00000, 0x00000000e6a97800, 0x00000000e6b00000| 59%| O|  |TAMS 0x00000000e6a00000| PB 0x00000000e6a00000| Untracked |  0
| 107|0x00000000e6b00000, 0x00000000e6b00000, 0x00000000e6c00000|  0%| F|  |TAMS 0x00000000e6b00000| PB 0x00000000e6b00000| Untracked |  0
| 108|0x00000000e6c00000, 0x00000000e6d00000, 0x00000000e6d00000|100%| O|  |TAMS 0x00000000e6c00000| PB 0x00000000e6c00000| Untracked |  0
| 109|0x00000000e6d00000, 0x00000000e6d00000, 0x00000000e6e00000|  0%| F|  |TAMS 0x00000000e6d00000| PB 0x00000000e6d00000| Untracked |  0
| 110|0x00000000e6e00000, 0x00000000e6e00000, 0x00000000e6f00000|  0%| F|  |TAMS 0x00000000e6e00000| PB 0x00000000e6e00000| Untracked |  0
| 111|0x00000000e6f00000, 0x00000000e7000000, 0x00000000e7000000|100%| O|  |TAMS 0x00000000e6f00000| PB 0x00000000e6f00000| Untracked |  0
| 112|0x00000000e7000000, 0x00000000e7000000, 0x00000000e7100000|  0%| F|  |TAMS 0x00000000e7000000| PB 0x00000000e7000000| Untracked |  0
| 113|0x00000000e7100000, 0x00000000e7200000, 0x00000000e7200000|100%| O|  |TAMS 0x00000000e7100000| PB 0x00000000e7100000| Untracked |  0
| 114|0x00000000e7200000, 0x00000000e7200000, 0x00000000e7300000|  0%| F|  |TAMS 0x00000000e7200000| PB 0x00000000e7200000| Untracked |  0
| 115|0x00000000e7300000, 0x00000000e7300000, 0x00000000e7400000|  0%| F|  |TAMS 0x00000000e7300000| PB 0x00000000e7300000| Untracked |  0
| 116|0x00000000e7400000, 0x00000000e7400000, 0x00000000e7500000|  0%| F|  |TAMS 0x00000000e7400000| PB 0x00000000e7400000| Untracked |  0
| 117|0x00000000e7500000, 0x00000000e7600000, 0x00000000e7600000|100%| O|  |TAMS 0x00000000e7500000| PB 0x00000000e7500000| Untracked |  0
| 118|0x00000000e7600000, 0x00000000e7600000, 0x00000000e7700000|  0%| F|  |TAMS 0x00000000e7600000| PB 0x00000000e7600000| Untracked |  0
| 119|0x00000000e7700000, 0x00000000e7700000, 0x00000000e7800000|  0%| F|  |TAMS 0x00000000e7700000| PB 0x00000000e7700000| Untracked |  0
| 120|0x00000000e7800000, 0x00000000e7900000, 0x00000000e7900000|100%| O|  |TAMS 0x00000000e7800000| PB 0x00000000e7800000| Untracked |  0
| 121|0x00000000e7900000, 0x00000000e7900000, 0x00000000e7a00000|  0%| F|  |TAMS 0x00000000e7900000| PB 0x00000000e7900000| Untracked |  0
| 122|0x00000000e7a00000, 0x00000000e7a00000, 0x00000000e7b00000|  0%| F|  |TAMS 0x00000000e7a00000| PB 0x00000000e7a00000| Untracked |  0
| 123|0x00000000e7b00000, 0x00000000e7b00000, 0x00000000e7c00000|  0%| F|  |TAMS 0x00000000e7b00000| PB 0x00000000e7b00000| Untracked |  0
| 124|0x00000000e7c00000, 0x00000000e7c00000, 0x00000000e7d00000|  0%| F|  |TAMS 0x00000000e7c00000| PB 0x00000000e7c00000| Untracked |  0
| 125|0x00000000e7d00000, 0x00000000e7d00000, 0x00000000e7e00000|  0%| F|  |TAMS 0x00000000e7d00000| PB 0x00000000e7d00000| Untracked |  0
| 126|0x00000000e7e00000, 0x00000000e7f00000, 0x00000000e7f00000|100%| O|  |TAMS 0x00000000e7e00000| PB 0x00000000e7e00000| Untracked |  0
| 127|0x00000000e7f00000, 0x00000000e8000000, 0x00000000e8000000|100%| O|  |TAMS 0x00000000e7f00000| PB 0x00000000e7f00000| Untracked |  0
| 128|0x00000000e8000000, 0x00000000e8000000, 0x00000000e8100000|  0%| F|  |TAMS 0x00000000e8000000| PB 0x00000000e8000000| Untracked |  0
| 129|0x00000000e8100000, 0x00000000e8200000, 0x00000000e8200000|100%| O|  |TAMS 0x00000000e8100000| PB 0x00000000e8100000| Untracked |  0
| 130|0x00000000e8200000, 0x00000000e8200000, 0x00000000e8300000|  0%| F|  |TAMS 0x00000000e8200000| PB 0x00000000e8200000| Untracked |  0
| 131|0x00000000e8300000, 0x00000000e8400000, 0x00000000e8400000|100%| O|  |TAMS 0x00000000e8300000| PB 0x00000000e8300000| Untracked |  0
| 132|0x00000000e8400000, 0x00000000e8500000, 0x00000000e8500000|100%| O|  |TAMS 0x00000000e8400000| PB 0x00000000e8400000| Untracked |  0
| 133|0x00000000e8500000, 0x00000000e8600000, 0x00000000e8600000|100%| O|  |TAMS 0x00000000e8500000| PB 0x00000000e8500000| Untracked |  0
| 134|0x00000000e8600000, 0x00000000e8700000, 0x00000000e8700000|100%| O|  |TAMS 0x00000000e8600000| PB 0x00000000e8600000| Untracked |  0
| 135|0x00000000e8700000, 0x00000000e8800000, 0x00000000e8800000|100%| O|  |TAMS 0x00000000e8700000| PB 0x00000000e8700000| Untracked |  0
| 136|0x00000000e8800000, 0x00000000e8800000, 0x00000000e8900000|  0%| F|  |TAMS 0x00000000e8800000| PB 0x00000000e8800000| Untracked |  0
| 137|0x00000000e8900000, 0x00000000e8a00000, 0x00000000e8a00000|100%| O|  |TAMS 0x00000000e8900000| PB 0x00000000e8900000| Untracked |  0
| 138|0x00000000e8a00000, 0x00000000e8b00000, 0x00000000e8b00000|100%| O|  |TAMS 0x00000000e8a00000| PB 0x00000000e8a00000| Untracked |  0
| 139|0x00000000e8b00000, 0x00000000e8c00000, 0x00000000e8c00000|100%| O|  |TAMS 0x00000000e8b00000| PB 0x00000000e8b00000| Untracked |  0
| 140|0x00000000e8c00000, 0x00000000e8c00000, 0x00000000e8d00000|  0%| F|  |TAMS 0x00000000e8c00000| PB 0x00000000e8c00000| Untracked |  0
| 141|0x00000000e8d00000, 0x00000000e8e00000, 0x00000000e8e00000|100%| O|  |TAMS 0x00000000e8d00000| PB 0x00000000e8d00000| Untracked |  0
| 142|0x00000000e8e00000, 0x00000000e8e00000, 0x00000000e8f00000|  0%| F|  |TAMS 0x00000000e8e00000| PB 0x00000000e8e00000| Untracked |  0
| 143|0x00000000e8f00000, 0x00000000e9000000, 0x00000000e9000000|100%| O|  |TAMS 0x00000000e8f00000| PB 0x00000000e8f00000| Untracked |  0
| 144|0x00000000e9000000, 0x00000000e9100000, 0x00000000e9100000|100%| O|  |TAMS 0x00000000e9000000| PB 0x00000000e9000000| Untracked |  0
| 145|0x00000000e9100000, 0x00000000e9100000, 0x00000000e9200000|  0%| F|  |TAMS 0x00000000e9100000| PB 0x00000000e9100000| Untracked |  0
| 146|0x00000000e9200000, 0x00000000e9200000, 0x00000000e9300000|  0%| F|  |TAMS 0x00000000e9200000| PB 0x00000000e9200000| Untracked |  0
| 147|0x00000000e9300000, 0x00000000e9300000, 0x00000000e9400000|  0%| F|  |TAMS 0x00000000e9300000| PB 0x00000000e9300000| Untracked |  0
| 148|0x00000000e9400000, 0x00000000e9400000, 0x00000000e9500000|  0%| F|  |TAMS 0x00000000e9400000| PB 0x00000000e9400000| Untracked |  0
| 149|0x00000000e9500000, 0x00000000e9500000, 0x00000000e9600000|  0%| F|  |TAMS 0x00000000e9500000| PB 0x00000000e9500000| Untracked |  0
| 150|0x00000000e9600000, 0x00000000e9600000, 0x00000000e9700000|  0%| F|  |TAMS 0x00000000e9600000| PB 0x00000000e9600000| Untracked |  0
| 151|0x00000000e9700000, 0x00000000e9800000, 0x00000000e9800000|100%| O|  |TAMS 0x00000000e9700000| PB 0x00000000e9700000| Untracked |  0
| 152|0x00000000e9800000, 0x00000000e9800000, 0x00000000e9900000|  0%| F|  |TAMS 0x00000000e9800000| PB 0x00000000e9800000| Untracked |  0
| 153|0x00000000e9900000, 0x00000000e9900000, 0x00000000e9a00000|  0%| F|  |TAMS 0x00000000e9900000| PB 0x00000000e9900000| Untracked |  0
| 154|0x00000000e9a00000, 0x00000000e9a00000, 0x00000000e9b00000|  0%| F|  |TAMS 0x00000000e9a00000| PB 0x00000000e9a00000| Untracked |  0
| 155|0x00000000e9b00000, 0x00000000e9c00000, 0x00000000e9c00000|100%| O|  |TAMS 0x00000000e9b00000| PB 0x00000000e9b00000| Untracked |  0
| 156|0x00000000e9c00000, 0x00000000e9c00000, 0x00000000e9d00000|  0%| F|  |TAMS 0x00000000e9c00000| PB 0x00000000e9c00000| Untracked |  0
| 157|0x00000000e9d00000, 0x00000000e9d00000, 0x00000000e9e00000|  0%| F|  |TAMS 0x00000000e9d00000| PB 0x00000000e9d00000| Untracked |  0
| 158|0x00000000e9e00000, 0x00000000e9e00000, 0x00000000e9f00000|  0%| F|  |TAMS 0x00000000e9e00000| PB 0x00000000e9e00000| Untracked |  0
| 159|0x00000000e9f00000, 0x00000000e9f00000, 0x00000000ea000000|  0%| F|  |TAMS 0x00000000e9f00000| PB 0x00000000e9f00000| Untracked |  0
| 160|0x00000000ea000000, 0x00000000ea000000, 0x00000000ea100000|  0%| F|  |TAMS 0x00000000ea000000| PB 0x00000000ea000000| Untracked |  0
| 161|0x00000000ea100000, 0x00000000ea178c50, 0x00000000ea200000| 47%| S|CS|TAMS 0x00000000ea100000| PB 0x00000000ea100000| Complete |  0
| 162|0x00000000ea200000, 0x00000000ea200000, 0x00000000ea300000|  0%| F|  |TAMS 0x00000000ea200000| PB 0x00000000ea200000| Untracked |  0
| 163|0x00000000ea300000, 0x00000000ea400000, 0x00000000ea400000|100%| S|CS|TAMS 0x00000000ea300000| PB 0x00000000ea300000| Complete |  0
| 164|0x00000000ea400000, 0x00000000ea500000, 0x00000000ea500000|100%| S|CS|TAMS 0x00000000ea400000| PB 0x00000000ea400000| Complete |  0
| 165|0x00000000ea500000, 0x00000000ea500000, 0x00000000ea600000|  0%| F|  |TAMS 0x00000000ea500000| PB 0x00000000ea500000| Untracked |  0
| 166|0x00000000ea600000, 0x00000000ea600000, 0x00000000ea700000|  0%| F|  |TAMS 0x00000000ea600000| PB 0x00000000ea600000| Untracked |  0
| 167|0x00000000ea700000, 0x00000000ea700000, 0x00000000ea800000|  0%| F|  |TAMS 0x00000000ea700000| PB 0x00000000ea700000| Untracked |  0
| 168|0x00000000ea800000, 0x00000000ea800000, 0x00000000ea900000|  0%| F|  |TAMS 0x00000000ea800000| PB 0x00000000ea800000| Untracked |  0
| 169|0x00000000ea900000, 0x00000000ea900000, 0x00000000eaa00000|  0%| F|  |TAMS 0x00000000ea900000| PB 0x00000000ea900000| Untracked |  0
| 170|0x00000000eaa00000, 0x00000000eaa00000, 0x00000000eab00000|  0%| F|  |TAMS 0x00000000eaa00000| PB 0x00000000eaa00000| Untracked |  0
| 171|0x00000000eab00000, 0x00000000eab00000, 0x00000000eac00000|  0%| F|  |TAMS 0x00000000eab00000| PB 0x00000000eab00000| Untracked |  0
| 172|0x00000000eac00000, 0x00000000eac00000, 0x00000000ead00000|  0%| F|  |TAMS 0x00000000eac00000| PB 0x00000000eac00000| Untracked |  0
| 173|0x00000000ead00000, 0x00000000ead00000, 0x00000000eae00000|  0%| F|  |TAMS 0x00000000ead00000| PB 0x00000000ead00000| Untracked |  0
| 174|0x00000000eae00000, 0x00000000eae00000, 0x00000000eaf00000|  0%| F|  |TAMS 0x00000000eae00000| PB 0x00000000eae00000| Untracked |  0
| 175|0x00000000eaf00000, 0x00000000eaf00000, 0x00000000eb000000|  0%| F|  |TAMS 0x00000000eaf00000| PB 0x00000000eaf00000| Untracked |  0
| 176|0x00000000eb000000, 0x00000000eb000000, 0x00000000eb100000|  0%| F|  |TAMS 0x00000000eb000000| PB 0x00000000eb000000| Untracked |  0
| 177|0x00000000eb100000, 0x00000000eb100000, 0x00000000eb200000|  0%| F|  |TAMS 0x00000000eb100000| PB 0x00000000eb100000| Untracked |  0
| 178|0x00000000eb200000, 0x00000000eb200000, 0x00000000eb300000|  0%| F|  |TAMS 0x00000000eb200000| PB 0x00000000eb200000| Untracked |  0
| 179|0x00000000eb300000, 0x00000000eb300000, 0x00000000eb400000|  0%| F|  |TAMS 0x00000000eb300000| PB 0x00000000eb300000| Untracked |  0
| 180|0x00000000eb400000, 0x00000000eb400000, 0x00000000eb500000|  0%| F|  |TAMS 0x00000000eb400000| PB 0x00000000eb400000| Untracked |  0
| 181|0x00000000eb500000, 0x00000000eb500000, 0x00000000eb600000|  0%| F|  |TAMS 0x00000000eb500000| PB 0x00000000eb500000| Untracked |  0
| 182|0x00000000eb600000, 0x00000000eb600000, 0x00000000eb700000|  0%| F|  |TAMS 0x00000000eb600000| PB 0x00000000eb600000| Untracked |  0
| 183|0x00000000eb700000, 0x00000000eb700000, 0x00000000eb800000|  0%| F|  |TAMS 0x00000000eb700000| PB 0x00000000eb700000| Untracked |  0
| 184|0x00000000eb800000, 0x00000000eb800000, 0x00000000eb900000|  0%| F|  |TAMS 0x00000000eb800000| PB 0x00000000eb800000| Untracked |  0
| 185|0x00000000eb900000, 0x00000000eb900000, 0x00000000eba00000|  0%| F|  |TAMS 0x00000000eb900000| PB 0x00000000eb900000| Untracked |  0
| 186|0x00000000eba00000, 0x00000000eba00000, 0x00000000ebb00000|  0%| F|  |TAMS 0x00000000eba00000| PB 0x00000000eba00000| Untracked |  0
| 187|0x00000000ebb00000, 0x00000000ebb00000, 0x00000000ebc00000|  0%| F|  |TAMS 0x00000000ebb00000| PB 0x00000000ebb00000| Untracked |  0
| 188|0x00000000ebc00000, 0x00000000ebc00000, 0x00000000ebd00000|  0%| F|  |TAMS 0x00000000ebc00000| PB 0x00000000ebc00000| Untracked |  0
| 189|0x00000000ebd00000, 0x00000000ebd00000, 0x00000000ebe00000|  0%| F|  |TAMS 0x00000000ebd00000| PB 0x00000000ebd00000| Untracked |  0
| 190|0x00000000ebe00000, 0x00000000ebe92f38, 0x00000000ebf00000| 57%| E|  |TAMS 0x00000000ebe00000| PB 0x00000000ebe00000| Complete |  0
| 191|0x00000000ebf00000, 0x00000000ec000000, 0x00000000ec000000|100%| E|CS|TAMS 0x00000000ebf00000| PB 0x00000000ebf00000| Complete |  0
| 192|0x00000000ec000000, 0x00000000ec100000, 0x00000000ec100000|100%| E|CS|TAMS 0x00000000ec000000| PB 0x00000000ec000000| Complete |  0
| 193|0x00000000ec100000, 0x00000000ec200000, 0x00000000ec200000|100%| E|CS|TAMS 0x00000000ec100000| PB 0x00000000ec100000| Complete |  0
| 194|0x00000000ec200000, 0x00000000ec300000, 0x00000000ec300000|100%| E|  |TAMS 0x00000000ec200000| PB 0x00000000ec200000| Complete |  0
| 195|0x00000000ec300000, 0x00000000ec400000, 0x00000000ec400000|100%| E|CS|TAMS 0x00000000ec300000| PB 0x00000000ec300000| Complete |  0
| 196|0x00000000ec400000, 0x00000000ec500000, 0x00000000ec500000|100%| E|CS|TAMS 0x00000000ec400000| PB 0x00000000ec400000| Complete |  0
| 197|0x00000000ec500000, 0x00000000ec600000, 0x00000000ec600000|100%| E|CS|TAMS 0x00000000ec500000| PB 0x00000000ec500000| Complete |  0
| 198|0x00000000ec600000, 0x00000000ec700000, 0x00000000ec700000|100%| E|CS|TAMS 0x00000000ec600000| PB 0x00000000ec600000| Complete |  0
| 199|0x00000000ec700000, 0x00000000ec800000, 0x00000000ec800000|100%| E|CS|TAMS 0x00000000ec700000| PB 0x00000000ec700000| Complete |  0
| 200|0x00000000ec800000, 0x00000000ec900000, 0x00000000ec900000|100%| E|CS|TAMS 0x00000000ec800000| PB 0x00000000ec800000| Complete |  0
| 201|0x00000000ec900000, 0x00000000eca00000, 0x00000000eca00000|100%| E|CS|TAMS 0x00000000ec900000| PB 0x00000000ec900000| Complete |  0
| 202|0x00000000eca00000, 0x00000000ecb00000, 0x00000000ecb00000|100%| E|CS|TAMS 0x00000000eca00000| PB 0x00000000eca00000| Complete |  0
| 203|0x00000000ecb00000, 0x00000000ecc00000, 0x00000000ecc00000|100%| E|CS|TAMS 0x00000000ecb00000| PB 0x00000000ecb00000| Complete |  0
| 204|0x00000000ecc00000, 0x00000000ecd00000, 0x00000000ecd00000|100%| E|CS|TAMS 0x00000000ecc00000| PB 0x00000000ecc00000| Complete |  0
| 205|0x00000000ecd00000, 0x00000000ece00000, 0x00000000ece00000|100%| E|CS|TAMS 0x00000000ecd00000| PB 0x00000000ecd00000| Complete |  0
| 206|0x00000000ece00000, 0x00000000ecf00000, 0x00000000ecf00000|100%| E|CS|TAMS 0x00000000ece00000| PB 0x00000000ece00000| Complete |  0
| 207|0x00000000ecf00000, 0x00000000ed000000, 0x00000000ed000000|100%| E|CS|TAMS 0x00000000ecf00000| PB 0x00000000ecf00000| Complete |  0
| 208|0x00000000ed000000, 0x00000000ed100000, 0x00000000ed100000|100%| E|CS|TAMS 0x00000000ed000000| PB 0x00000000ed000000| Complete |  0
| 209|0x00000000ed100000, 0x00000000ed200000, 0x00000000ed200000|100%| E|CS|TAMS 0x00000000ed100000| PB 0x00000000ed100000| Complete |  0
| 210|0x00000000ed200000, 0x00000000ed300000, 0x00000000ed300000|100%| E|CS|TAMS 0x00000000ed200000| PB 0x00000000ed200000| Complete |  0
| 211|0x00000000ed300000, 0x00000000ed400000, 0x00000000ed400000|100%| E|CS|TAMS 0x00000000ed300000| PB 0x00000000ed300000| Complete |  0
| 212|0x00000000ed400000, 0x00000000ed500000, 0x00000000ed500000|100%| E|CS|TAMS 0x00000000ed400000| PB 0x00000000ed400000| Complete |  0
| 213|0x00000000ed500000, 0x00000000ed600000, 0x00000000ed600000|100%| E|CS|TAMS 0x00000000ed500000| PB 0x00000000ed500000| Complete |  0
| 214|0x00000000ed600000, 0x00000000ed700000, 0x00000000ed700000|100%| E|CS|TAMS 0x00000000ed600000| PB 0x00000000ed600000| Complete |  0
| 215|0x00000000ed700000, 0x00000000ed800000, 0x00000000ed800000|100%| E|CS|TAMS 0x00000000ed700000| PB 0x00000000ed700000| Complete |  0
| 216|0x00000000ed800000, 0x00000000ed900000, 0x00000000ed900000|100%| E|CS|TAMS 0x00000000ed800000| PB 0x00000000ed800000| Complete |  0
| 217|0x00000000ed900000, 0x00000000eda00000, 0x00000000eda00000|100%| E|CS|TAMS 0x00000000ed900000| PB 0x00000000ed900000| Complete |  0
| 218|0x00000000eda00000, 0x00000000edb00000, 0x00000000edb00000|100%| E|CS|TAMS 0x00000000eda00000| PB 0x00000000eda00000| Complete |  0
| 219|0x00000000edb00000, 0x00000000edc00000, 0x00000000edc00000|100%| E|CS|TAMS 0x00000000edb00000| PB 0x00000000edb00000| Complete |  0
| 220|0x00000000edc00000, 0x00000000edd00000, 0x00000000edd00000|100%| E|CS|TAMS 0x00000000edc00000| PB 0x00000000edc00000| Complete |  0
| 221|0x00000000edd00000, 0x00000000ede00000, 0x00000000ede00000|100%| E|CS|TAMS 0x00000000edd00000| PB 0x00000000edd00000| Complete |  0
| 222|0x00000000ede00000, 0x00000000edf00000, 0x00000000edf00000|100%| E|CS|TAMS 0x00000000ede00000| PB 0x00000000ede00000| Complete |  0
| 223|0x00000000edf00000, 0x00000000ee000000, 0x00000000ee000000|100%| E|CS|TAMS 0x00000000edf00000| PB 0x00000000edf00000| Complete |  0
| 224|0x00000000ee000000, 0x00000000ee100000, 0x00000000ee100000|100%| E|CS|TAMS 0x00000000ee000000| PB 0x00000000ee000000| Complete |  0
| 225|0x00000000ee100000, 0x00000000ee200000, 0x00000000ee200000|100%| E|CS|TAMS 0x00000000ee100000| PB 0x00000000ee100000| Complete |  0
| 226|0x00000000ee200000, 0x00000000ee300000, 0x00000000ee300000|100%| E|CS|TAMS 0x00000000ee200000| PB 0x00000000ee200000| Complete |  0
| 227|0x00000000ee300000, 0x00000000ee400000, 0x00000000ee400000|100%| E|CS|TAMS 0x00000000ee300000| PB 0x00000000ee300000| Complete |  0
| 228|0x00000000ee400000, 0x00000000ee500000, 0x00000000ee500000|100%| E|CS|TAMS 0x00000000ee400000| PB 0x00000000ee400000| Complete |  0
| 229|0x00000000ee500000, 0x00000000ee600000, 0x00000000ee600000|100%| E|CS|TAMS 0x00000000ee500000| PB 0x00000000ee500000| Complete |  0
| 230|0x00000000ee600000, 0x00000000ee700000, 0x00000000ee700000|100%| E|CS|TAMS 0x00000000ee600000| PB 0x00000000ee600000| Complete |  0
| 231|0x00000000ee700000, 0x00000000ee800000, 0x00000000ee800000|100%| E|CS|TAMS 0x00000000ee700000| PB 0x00000000ee700000| Complete |  0
| 232|0x00000000ee800000, 0x00000000ee900000, 0x00000000ee900000|100%| E|CS|TAMS 0x00000000ee800000| PB 0x00000000ee800000| Complete |  0
| 233|0x00000000ee900000, 0x00000000eea00000, 0x00000000eea00000|100%| E|CS|TAMS 0x00000000ee900000| PB 0x00000000ee900000| Complete |  0
| 234|0x00000000eea00000, 0x00000000eeb00000, 0x00000000eeb00000|100%| E|CS|TAMS 0x00000000eea00000| PB 0x00000000eea00000| Complete |  0
| 235|0x00000000eeb00000, 0x00000000eec00000, 0x00000000eec00000|100%| E|CS|TAMS 0x00000000eeb00000| PB 0x00000000eeb00000| Complete |  0
| 236|0x00000000eec00000, 0x00000000eed00000, 0x00000000eed00000|100%| E|CS|TAMS 0x00000000eec00000| PB 0x00000000eec00000| Complete |  0
| 237|0x00000000eed00000, 0x00000000eee00000, 0x00000000eee00000|100%| E|CS|TAMS 0x00000000eed00000| PB 0x00000000eed00000| Complete |  0
| 238|0x00000000eee00000, 0x00000000eef00000, 0x00000000eef00000|100%| E|CS|TAMS 0x00000000eee00000| PB 0x00000000eee00000| Complete |  0
| 239|0x00000000eef00000, 0x00000000ef000000, 0x00000000ef000000|100%| E|CS|TAMS 0x00000000eef00000| PB 0x00000000eef00000| Complete |  0
| 240|0x00000000ef000000, 0x00000000ef100000, 0x00000000ef100000|100%| E|CS|TAMS 0x00000000ef000000| PB 0x00000000ef000000| Complete |  0
| 241|0x00000000ef100000, 0x00000000ef200000, 0x00000000ef200000|100%| E|CS|TAMS 0x00000000ef100000| PB 0x00000000ef100000| Complete |  0
| 242|0x00000000ef200000, 0x00000000ef300000, 0x00000000ef300000|100%| E|CS|TAMS 0x00000000ef200000| PB 0x00000000ef200000| Complete |  0
| 243|0x00000000ef300000, 0x00000000ef400000, 0x00000000ef400000|100%| E|CS|TAMS 0x00000000ef300000| PB 0x00000000ef300000| Complete |  0
| 244|0x00000000ef400000, 0x00000000ef500000, 0x00000000ef500000|100%| E|CS|TAMS 0x00000000ef400000| PB 0x00000000ef400000| Complete |  0
| 245|0x00000000ef500000, 0x00000000ef600000, 0x00000000ef600000|100%| E|CS|TAMS 0x00000000ef500000| PB 0x00000000ef500000| Complete |  0
| 246|0x00000000ef600000, 0x00000000ef700000, 0x00000000ef700000|100%| E|CS|TAMS 0x00000000ef600000| PB 0x00000000ef600000| Complete |  0
| 247|0x00000000ef700000, 0x00000000ef800000, 0x00000000ef800000|100%| E|CS|TAMS 0x00000000ef700000| PB 0x00000000ef700000| Complete |  0
| 248|0x00000000ef800000, 0x00000000ef900000, 0x00000000ef900000|100%| E|CS|TAMS 0x00000000ef800000| PB 0x00000000ef800000| Complete |  0
| 249|0x00000000ef900000, 0x00000000efa00000, 0x00000000efa00000|100%| E|CS|TAMS 0x00000000ef900000| PB 0x00000000ef900000| Complete |  0
| 250|0x00000000efa00000, 0x00000000efb00000, 0x00000000efb00000|100%| E|CS|TAMS 0x00000000efa00000| PB 0x00000000efa00000| Complete |  0
| 251|0x00000000efb00000, 0x00000000efc00000, 0x00000000efc00000|100%| E|CS|TAMS 0x00000000efb00000| PB 0x00000000efb00000| Complete |  0
| 252|0x00000000efc00000, 0x00000000efd00000, 0x00000000efd00000|100%| E|CS|TAMS 0x00000000efc00000| PB 0x00000000efc00000| Complete |  0
| 253|0x00000000efd00000, 0x00000000efe00000, 0x00000000efe00000|100%| E|CS|TAMS 0x00000000efd00000| PB 0x00000000efd00000| Complete |  0
| 254|0x00000000efe00000, 0x00000000eff00000, 0x00000000eff00000|100%| E|CS|TAMS 0x00000000efe00000| PB 0x00000000efe00000| Complete |  0
| 255|0x00000000eff00000, 0x00000000f0000000, 0x00000000f0000000|100%| E|CS|TAMS 0x00000000eff00000| PB 0x00000000eff00000| Complete |  0
| 256|0x00000000f0000000, 0x00000000f0100000, 0x00000000f0100000|100%| E|CS|TAMS 0x00000000f0000000| PB 0x00000000f0000000| Complete |  0
| 257|0x00000000f0100000, 0x00000000f0200000, 0x00000000f0200000|100%| E|CS|TAMS 0x00000000f0100000| PB 0x00000000f0100000| Complete |  0
| 258|0x00000000f0200000, 0x00000000f0300000, 0x00000000f0300000|100%| E|CS|TAMS 0x00000000f0200000| PB 0x00000000f0200000| Complete |  0
| 259|0x00000000f0300000, 0x00000000f0400000, 0x00000000f0400000|100%| E|CS|TAMS 0x00000000f0300000| PB 0x00000000f0300000| Complete |  0
| 260|0x00000000f0400000, 0x00000000f0500000, 0x00000000f0500000|100%| E|CS|TAMS 0x00000000f0400000| PB 0x00000000f0400000| Complete |  0
| 261|0x00000000f0500000, 0x00000000f0600000, 0x00000000f0600000|100%| E|CS|TAMS 0x00000000f0500000| PB 0x00000000f0500000| Complete |  0
| 262|0x00000000f0600000, 0x00000000f0700000, 0x00000000f0700000|100%| E|CS|TAMS 0x00000000f0600000| PB 0x00000000f0600000| Complete |  0
| 263|0x00000000f0700000, 0x00000000f0800000, 0x00000000f0800000|100%| E|CS|TAMS 0x00000000f0700000| PB 0x00000000f0700000| Complete |  0
| 264|0x00000000f0800000, 0x00000000f0900000, 0x00000000f0900000|100%| E|CS|TAMS 0x00000000f0800000| PB 0x00000000f0800000| Complete |  0
| 265|0x00000000f0900000, 0x00000000f0a00000, 0x00000000f0a00000|100%| E|CS|TAMS 0x00000000f0900000| PB 0x00000000f0900000| Complete |  0
| 266|0x00000000f0a00000, 0x00000000f0b00000, 0x00000000f0b00000|100%| E|CS|TAMS 0x00000000f0a00000| PB 0x00000000f0a00000| Complete |  0
| 267|0x00000000f0b00000, 0x00000000f0c00000, 0x00000000f0c00000|100%| E|CS|TAMS 0x00000000f0b00000| PB 0x00000000f0b00000| Complete |  0
| 268|0x00000000f0c00000, 0x00000000f0d00000, 0x00000000f0d00000|100%| E|CS|TAMS 0x00000000f0c00000| PB 0x00000000f0c00000| Complete |  0
| 269|0x00000000f0d00000, 0x00000000f0e00000, 0x00000000f0e00000|100%| E|CS|TAMS 0x00000000f0d00000| PB 0x00000000f0d00000| Complete |  0
| 270|0x00000000f0e00000, 0x00000000f0f00000, 0x00000000f0f00000|100%| E|CS|TAMS 0x00000000f0e00000| PB 0x00000000f0e00000| Complete |  0
| 271|0x00000000f0f00000, 0x00000000f1000000, 0x00000000f1000000|100%| E|CS|TAMS 0x00000000f0f00000| PB 0x00000000f0f00000| Complete |  0
| 272|0x00000000f1000000, 0x00000000f1100000, 0x00000000f1100000|100%| E|CS|TAMS 0x00000000f1000000| PB 0x00000000f1000000| Complete |  0
| 273|0x00000000f1100000, 0x00000000f1200000, 0x00000000f1200000|100%| E|CS|TAMS 0x00000000f1100000| PB 0x00000000f1100000| Complete |  0
| 274|0x00000000f1200000, 0x00000000f1300000, 0x00000000f1300000|100%| E|CS|TAMS 0x00000000f1200000| PB 0x00000000f1200000| Complete |  0
| 275|0x00000000f1300000, 0x00000000f1400000, 0x00000000f1400000|100%| E|CS|TAMS 0x00000000f1300000| PB 0x00000000f1300000| Complete |  0
| 276|0x00000000f1400000, 0x00000000f1500000, 0x00000000f1500000|100%| E|CS|TAMS 0x00000000f1400000| PB 0x00000000f1400000| Complete |  0
| 277|0x00000000f1500000, 0x00000000f1600000, 0x00000000f1600000|100%| E|CS|TAMS 0x00000000f1500000| PB 0x00000000f1500000| Complete |  0
| 278|0x00000000f1600000, 0x00000000f1700000, 0x00000000f1700000|100%| E|CS|TAMS 0x00000000f1600000| PB 0x00000000f1600000| Complete |  0
| 279|0x00000000f1700000, 0x00000000f1800000, 0x00000000f1800000|100%| E|CS|TAMS 0x00000000f1700000| PB 0x00000000f1700000| Complete |  0
| 280|0x00000000f1800000, 0x00000000f1900000, 0x00000000f1900000|100%| E|CS|TAMS 0x00000000f1800000| PB 0x00000000f1800000| Complete |  0
| 281|0x00000000f1900000, 0x00000000f1a00000, 0x00000000f1a00000|100%| E|CS|TAMS 0x00000000f1900000| PB 0x00000000f1900000| Complete |  0
| 282|0x00000000f1a00000, 0x00000000f1b00000, 0x00000000f1b00000|100%| E|CS|TAMS 0x00000000f1a00000| PB 0x00000000f1a00000| Complete |  0
| 283|0x00000000f1b00000, 0x00000000f1c00000, 0x00000000f1c00000|100%| E|CS|TAMS 0x00000000f1b00000| PB 0x00000000f1b00000| Complete |  0
| 284|0x00000000f1c00000, 0x00000000f1d00000, 0x00000000f1d00000|100%| E|CS|TAMS 0x00000000f1c00000| PB 0x00000000f1c00000| Complete |  0
| 285|0x00000000f1d00000, 0x00000000f1e00000, 0x00000000f1e00000|100%| E|CS|TAMS 0x00000000f1d00000| PB 0x00000000f1d00000| Complete |  0
| 286|0x00000000f1e00000, 0x00000000f1f00000, 0x00000000f1f00000|100%| E|CS|TAMS 0x00000000f1e00000| PB 0x00000000f1e00000| Complete |  0
| 287|0x00000000f1f00000, 0x00000000f2000000, 0x00000000f2000000|100%| E|CS|TAMS 0x00000000f1f00000| PB 0x00000000f1f00000| Complete |  0
| 288|0x00000000f2000000, 0x00000000f2100000, 0x00000000f2100000|100%| E|CS|TAMS 0x00000000f2000000| PB 0x00000000f2000000| Complete |  0
| 289|0x00000000f2100000, 0x00000000f2200000, 0x00000000f2200000|100%| E|CS|TAMS 0x00000000f2100000| PB 0x00000000f2100000| Complete |  0
| 290|0x00000000f2200000, 0x00000000f2300000, 0x00000000f2300000|100%| E|CS|TAMS 0x00000000f2200000| PB 0x00000000f2200000| Complete |  0
| 291|0x00000000f2300000, 0x00000000f2400000, 0x00000000f2400000|100%| E|CS|TAMS 0x00000000f2300000| PB 0x00000000f2300000| Complete |  0
| 292|0x00000000f2400000, 0x00000000f2500000, 0x00000000f2500000|100%| E|CS|TAMS 0x00000000f2400000| PB 0x00000000f2400000| Complete |  0
| 293|0x00000000f2500000, 0x00000000f2600000, 0x00000000f2600000|100%| E|CS|TAMS 0x00000000f2500000| PB 0x00000000f2500000| Complete |  0
| 294|0x00000000f2600000, 0x00000000f2700000, 0x00000000f2700000|100%| E|CS|TAMS 0x00000000f2600000| PB 0x00000000f2600000| Complete |  0
| 295|0x00000000f2700000, 0x00000000f2800000, 0x00000000f2800000|100%| E|CS|TAMS 0x00000000f2700000| PB 0x00000000f2700000| Complete |  0
| 495|0x00000000fef00000, 0x00000000ff000000, 0x00000000ff000000|100%| E|CS|TAMS 0x00000000fef00000| PB 0x00000000fef00000| Complete |  0
| 496|0x00000000ff000000, 0x00000000ff100000, 0x00000000ff100000|100%| O|  |TAMS 0x00000000ff000000| PB 0x00000000ff000000| Untracked |  0
| 497|0x00000000ff100000, 0x00000000ff200000, 0x00000000ff200000|100%| E|CS|TAMS 0x00000000ff100000| PB 0x00000000ff100000| Complete |  0
| 498|0x00000000ff200000, 0x00000000ff300000, 0x00000000ff300000|100%| E|CS|TAMS 0x00000000ff200000| PB 0x00000000ff200000| Complete |  0
| 499|0x00000000ff300000, 0x00000000ff400000, 0x00000000ff400000|100%| E|CS|TAMS 0x00000000ff300000| PB 0x00000000ff300000| Complete |  0
| 500|0x00000000ff400000, 0x00000000ff500000, 0x00000000ff500000|100%| E|CS|TAMS 0x00000000ff400000| PB 0x00000000ff400000| Complete |  0
| 501|0x00000000ff500000, 0x00000000ff600000, 0x00000000ff600000|100%| E|CS|TAMS 0x00000000ff500000| PB 0x00000000ff500000| Complete |  0
| 502|0x00000000ff600000, 0x00000000ff700000, 0x00000000ff700000|100%| E|CS|TAMS 0x00000000ff600000| PB 0x00000000ff600000| Complete |  0
| 503|0x00000000ff700000, 0x00000000ff800000, 0x00000000ff800000|100%| E|CS|TAMS 0x00000000ff700000| PB 0x00000000ff700000| Complete |  0
| 504|0x00000000ff800000, 0x00000000ff900000, 0x00000000ff900000|100%| E|CS|TAMS 0x00000000ff800000| PB 0x00000000ff800000| Complete |  0
| 505|0x00000000ff900000, 0x00000000ffa00000, 0x00000000ffa00000|100%| E|CS|TAMS 0x00000000ff900000| PB 0x00000000ff900000| Complete |  0
| 506|0x00000000ffa00000, 0x00000000ffb00000, 0x00000000ffb00000|100%| E|CS|TAMS 0x00000000ffa00000| PB 0x00000000ffa00000| Complete |  0
| 507|0x00000000ffb00000, 0x00000000ffc00000, 0x00000000ffc00000|100%| E|CS|TAMS 0x00000000ffb00000| PB 0x00000000ffb00000| Complete |  0
| 508|0x00000000ffc00000, 0x00000000ffd00000, 0x00000000ffd00000|100%| E|CS|TAMS 0x00000000ffc00000| PB 0x00000000ffc00000| Complete |  0
| 509|0x00000000ffd00000, 0x00000000ffe00000, 0x00000000ffe00000|100%| E|CS|TAMS 0x00000000ffd00000| PB 0x00000000ffd00000| Complete |  0
| 510|0x00000000ffe00000, 0x00000000fff00000, 0x00000000fff00000|100%| O|  |TAMS 0x00000000ffe00000| PB 0x00000000ffe00000| Untracked |  0
| 511|0x00000000fff00000, 0x0000000100000000, 0x0000000100000000|100%| E|CS|TAMS 0x00000000fff00000| PB 0x00000000fff00000| Complete |  0

Card table byte_map: [0x00000177c1870000,0x00000177c1970000] _byte_map_base: 0x00000177c1170000

Marking Bits: (CMBitMap*) 0x00000177a76eb9a0
 Bits: [0x00000177c1970000, 0x00000177c2170000)

Polling page: 0x00000177a7900000

Metaspace:
Metaspace        used 96898K, committed 100608K, reserved 458752K
 class space     used 10546K, committed 12096K, reserved 327680K

Usage:
  Non-class:     84.33 MB used.
      Class:     10.30 MB used.
       Both:     94.63 MB used.

Virtual space:
  Non-class space:      128.00 MB reserved,      86.44 MB ( 68%) committed,  2 nodes.
      Class space:      320.00 MB reserved,      11.81 MB (  4%) committed,  1 nodes.
             Both:      448.00 MB reserved,      98.25 MB ( 22%) committed. 

Chunk freelists:
   Non-Class:  10.80 MB
       Class:  4.81 MB
        Both:  15.60 MB

MaxMetaspaceSize: 384.00 MB
CompressedClassSpaceSize: 320.00 MB
Initial GC threshold: 21.00 MB
Current GC threshold: 169.50 MB
CDS: on
 - commit_granule_bytes: 65536.
 - commit_granule_words: 8192.
 - virtual_space_node_default_size: 8388608.
 - enlarge_chunks_in_place: 1.
UseCompressedClassPointers 1, UseCompactObjectHeaders 0
Narrow klass pointer bits 32, Max shift 3
Narrow klass base: 0x000000005d000000, Narrow klass shift: 0
Encoding Range: [0x000000005d000000 - 0x000000015d000000), (4294967296 bytes)
Klass Range:    [0x000000005d010000 - 0x0000000072000000), (352256000 bytes)
Klass ID Range:  [65536 - 352321529) (352255993)
Protection zone: [0x000000005d000000 - 0x000000005d010000), (65536 bytes)


Internal statistics:

num_allocs_failed_limit: 18.
num_arena_births: 9390.
num_arena_deaths: 6136.
num_vsnodes_births: 3.
num_vsnodes_deaths: 0.
num_space_committed: 1754.
num_space_uncommitted: 89.
num_chunks_returned_to_freelist: 8206.
num_chunks_taken_from_freelist: 16667.
num_chunk_merges: 2448.
num_chunk_splits: 9128.
num_chunks_enlarged: 5192.
num_inconsistent_stats: 0.

CodeHeap 'non-profiled nmethods': size=120064Kb used=14201Kb max_used=14201Kb free=105862Kb
 bounds [0x00000177b9cd0000, 0x00000177baad0000, 0x00000177c1210000]
CodeHeap 'profiled nmethods': size=120000Kb used=15672Kb max_used=30421Kb free=104328Kb
 bounds [0x00000177b2210000, 0x00000177b3fd0000, 0x00000177b9740000]
CodeHeap 'non-nmethods': size=5696Kb used=2074Kb max_used=2208Kb free=3621Kb
 bounds [0x00000177b9740000, 0x00000177b99b0000, 0x00000177b9cd0000]
CodeCache: size=245760Kb, used=31947Kb, max_used=46830Kb, free=213811Kb
 total_blobs=13341, nmethods=12430, adapters=812, full_count=0
Compilation: enabled, stopped_count=0, restarted_count=0

Compilation events (20 events):
Event: 23080.237 Thread 0x00000177c4d78740 nmethod 41960 0x00000177b2e13208 code [0x00000177b2e13300, 0x00000177b2e13738]
Event: 23080.237 Thread 0x00000177c4d78740 41963       3       org.gradle.api.internal.provider.DefaultValueSourceProviderFactory$LazilyObtainedValue::<init> (62 bytes)
Event: 23080.248 Thread 0x00000177c4d78740 nmethod 41963 0x00000177b3c5fd88 code [0x00000177b3c5fe80, 0x00000177b3c60ba0]
Event: 23080.248 Thread 0x00000177c4d78740 41964   !   3       org.gradle.api.internal.provider.DefaultValueSourceProviderFactory$LazilyObtainedValue::lambda$new$0 (79 bytes)
Event: 23080.257 Thread 0x00000177c4d78740 nmethod 41964 0x00000177b226e208 code [0x00000177b226e300, 0x00000177b226fd98]
Event: 23080.257 Thread 0x00000177c4d78740 41965       3       org.gradle.api.internal.provider.DefaultValueSourceProviderFactory$LazilyObtainedValue::<init> (10 bytes)
Event: 23080.258 Thread 0x00000177c4d78740 nmethod 41965 0x00000177b2e23a88 code [0x00000177b2e23b80, 0x00000177b2e23cb0]
Event: 23080.258 Thread 0x00000177c4d78740 41966   !   3       org.gradle.api.internal.provider.DefaultValueSourceProviderFactory$LazilyObtainedValue::obtain (119 bytes)
Event: 23080.265 Thread 0x00000177c4d78740 nmethod 41966 0x00000177b2dda408 code [0x00000177b2dda500, 0x00000177b2ddd160]
Event: 23080.265 Thread 0x00000177c4d78740 41967       3       org.gradle.api.internal.provider.DefaultValueSourceProviderFactory$LazilyObtainedValue$$Lambda/0x000000005e97d7b0::get (8 bytes)
Event: 23080.265 Thread 0x00000177c4d78740 nmethod 41967 0x00000177b2e28688 code [0x00000177b2e28780, 0x00000177b2e288c0]
Event: 23080.546 Thread 0x00000177c4d4bf10 41968 %     4       org.gradle.api.internal.artifacts.ivyservice.resolveengine.graph.builder.DependencyGraphBuilder$1::execute @ 17 (269 bytes)
Event: 23080.553 Thread 0x00000177c4d78740 41969       3       org.gradle.api.internal.artifacts.ivyservice.resolveengine.result.ComponentIdentifierSerializer::read (6 bytes)
Event: 23080.555 Thread 0x00000177c4d78740 nmethod 41969 0x00000177b2e65e08 code [0x00000177b2e65f00, 0x00000177b2e66050]
Event: 23080.555 Thread 0x00000177c4d78740 41970       3       org.gradle.api.internal.artifacts.ivyservice.resolveengine.result.ComponentIdentifierSerializer::read (276 bytes)
Event: 23080.565 Thread 0x00000177c4d78740 nmethod 41970 0x00000177b314de88 code [0x00000177b314df80, 0x00000177b31509f8]
Event: 23080.565 Thread 0x00000177c4d78740 41971       3       org.gradle.api.internal.artifacts.ivyservice.resolveengine.result.ComponentIdentifierSerializer$Implementation::valueOf (86 bytes)
Event: 23080.565 Thread 0x00000177c4d78740 nmethod 41971 0x00000177b3d02008 code [0x00000177b3d02100, 0x00000177b3d02438]
Event: 23080.565 Thread 0x00000177c4d78740 41972   !   3       org.gradle.internal.serialize.kryo.StringDeduplicatingKryoBackedDecoder::readLong (15 bytes)
Event: 23080.568 Thread 0x00000177c4d78740 nmethod 41972 0x00000177b315c488 code [0x00000177b315c580, 0x00000177b315cb20]

GC Heap Usage History (20 events):
Event: 6962.837 {heap Before GC invocations=114 (full 0):
 garbage-first heap   total reserved 524288K, committed 320512K, used 287387K [0x00000000e0000000, 0x0000000100000000)
  region size 1024K, 170 young (174080K), 10 survivors (10240K)
}
Event: 6962.848 {heap After GC invocations=115 (full 0):
 garbage-first heap   total reserved 524288K, committed 320512K, used 117793K [0x00000000e0000000, 0x0000000100000000)
  region size 1024K, 5 young (5120K), 5 survivors (5120K)
}
Event: 9541.369 {heap Before GC invocations=115 (full 0):
 garbage-first heap   total reserved 524288K, committed 320512K, used 290849K [0x00000000e0000000, 0x0000000100000000)
  region size 1024K, 174 young (178176K), 5 survivors (5120K)
}
Event: 9541.376 {heap After GC invocations=116 (full 0):
 garbage-first heap   total reserved 524288K, committed 320512K, used 121925K [0x00000000e0000000, 0x0000000100000000)
  region size 1024K, 9 young (9216K), 9 survivors (9216K)
}
Event: 14166.578 {heap Before GC invocations=117 (full 0):
 garbage-first heap   total reserved 524288K, committed 320512K, used 293957K [0x00000000e0000000, 0x0000000100000000)
  region size 1024K, 176 young (180224K), 9 survivors (9216K)
}
Event: 14166.590 {heap After GC invocations=118 (full 0):
 garbage-first heap   total reserved 524288K, committed 320512K, used 124759K [0x00000000e0000000, 0x0000000100000000)
  region size 1024K, 10 young (10240K), 10 survivors (10240K)
}
Event: 14167.638 {heap Before GC invocations=118 (full 0):
 garbage-first heap   total reserved 524288K, committed 320512K, used 290647K [0x00000000e0000000, 0x0000000100000000)
  region size 1024K, 173 young (177152K), 10 survivors (10240K)
}
Event: 14167.663 {heap After GC invocations=119 (full 0):
 garbage-first heap   total reserved 524288K, committed 320512K, used 128073K [0x00000000e0000000, 0x0000000100000000)
  region size 1024K, 15 young (15360K), 15 survivors (15360K)
}
Event: 14337.482 {heap Before GC invocations=119 (full 0):
 garbage-first heap   total reserved 524288K, committed 320512K, used 290889K [0x00000000e0000000, 0x0000000100000000)
  region size 1024K, 175 young (179200K), 15 survivors (15360K)
}
Event: 14337.496 {heap After GC invocations=120 (full 0):
 garbage-first heap   total reserved 524288K, committed 320512K, used 135849K [0x00000000e0000000, 0x0000000100000000)
  region size 1024K, 18 young (18432K), 18 survivors (18432K)
}
Event: 14351.632 {heap Before GC invocations=121 (full 0):
 garbage-first heap   total reserved 524288K, committed 320512K, used 287401K [0x00000000e0000000, 0x0000000100000000)
  region size 1024K, 167 young (171008K), 18 survivors (18432K)
}
Event: 14351.647 {heap After GC invocations=122 (full 0):
 garbage-first heap   total reserved 524288K, committed 320512K, used 135680K [0x00000000e0000000, 0x0000000100000000)
  region size 1024K, 13 young (13312K), 13 survivors (13312K)
}
Event: 14357.681 {heap Before GC invocations=122 (full 0):
 garbage-first heap   total reserved 524288K, committed 320512K, used 287232K [0x00000000e0000000, 0x0000000100000000)
  region size 1024K, 161 young (164864K), 13 survivors (13312K)
}
Event: 14357.698 {heap After GC invocations=123 (full 0):
 garbage-first heap   total reserved 524288K, committed 320512K, used 136587K [0x00000000e0000000, 0x0000000100000000)
  region size 1024K, 13 young (13312K), 13 survivors (13312K)
}
Event: 14367.372 {heap Before GC invocations=123 (full 0):
 garbage-first heap   total reserved 524288K, committed 320512K, used 286091K [0x00000000e0000000, 0x0000000100000000)
  region size 1024K, 159 young (162816K), 13 survivors (13312K)
}
Event: 14367.380 {heap After GC invocations=124 (full 0):
 garbage-first heap   total reserved 524288K, committed 320512K, used 137163K [0x00000000e0000000, 0x0000000100000000)
  region size 1024K, 13 young (13312K), 13 survivors (13312K)
}
Event: 14404.095 {heap Before GC invocations=125 (full 0):
 garbage-first heap   total reserved 524288K, committed 320512K, used 285643K [0x00000000e0000000, 0x0000000100000000)
  region size 1024K, 158 young (161792K), 13 survivors (13312K)
}
Event: 14404.104 {heap After GC invocations=126 (full 0):
 garbage-first heap   total reserved 524288K, committed 320512K, used 136506K [0x00000000e0000000, 0x0000000100000000)
  region size 1024K, 13 young (13312K), 13 survivors (13312K)
}
Event: 20687.638 {heap Before GC invocations=126 (full 0):
 garbage-first heap   total reserved 524288K, committed 320512K, used 284986K [0x00000000e0000000, 0x0000000100000000)
  region size 1024K, 158 young (161792K), 13 survivors (13312K)
}
Event: 20687.701 {heap After GC invocations=127 (full 0):
 garbage-first heap   total reserved 524288K, committed 320512K, used 129089K [0x00000000e0000000, 0x0000000100000000)
  region size 1024K, 3 young (3072K), 3 survivors (3072K)
}

Metaspace Usage History (20 events):
Event: 6962.837 {metaspace Before GC invocations=114 (full 0):
 Metaspace       used 96262K, committed 98752K, reserved 458752K
  class space    used 10445K, committed 11840K, reserved 327680K
}
Event: 6962.848 {metaspace After GC invocations=115 (full 0):
 Metaspace       used 96262K, committed 98752K, reserved 458752K
  class space    used 10445K, committed 11840K, reserved 327680K
}
Event: 9541.369 {metaspace Before GC invocations=115 (full 0):
 Metaspace       used 96269K, committed 98752K, reserved 458752K
  class space    used 10446K, committed 11840K, reserved 327680K
}
Event: 9541.376 {metaspace After GC invocations=116 (full 0):
 Metaspace       used 96269K, committed 98752K, reserved 458752K
  class space    used 10446K, committed 11840K, reserved 327680K
}
Event: 14166.578 {metaspace Before GC invocations=117 (full 0):
 Metaspace       used 98944K, committed 100992K, reserved 458752K
  class space    used 10749K, committed 11840K, reserved 327680K
}
Event: 14166.590 {metaspace After GC invocations=118 (full 0):
 Metaspace       used 98944K, committed 100992K, reserved 458752K
  class space    used 10749K, committed 11840K, reserved 327680K
}
Event: 14167.638 {metaspace Before GC invocations=118 (full 0):
 Metaspace       used 99747K, committed 101696K, reserved 458752K
  class space    used 10814K, committed 11840K, reserved 327680K
}
Event: 14167.663 {metaspace After GC invocations=119 (full 0):
 Metaspace       used 99747K, committed 101696K, reserved 458752K
  class space    used 10814K, committed 11840K, reserved 327680K
}
Event: 14337.482 {metaspace Before GC invocations=119 (full 0):
 Metaspace       used 100578K, committed 102784K, reserved 458752K
  class space    used 10989K, committed 12096K, reserved 327680K
}
Event: 14337.496 {metaspace After GC invocations=120 (full 0):
 Metaspace       used 100578K, committed 102784K, reserved 458752K
  class space    used 10989K, committed 12096K, reserved 327680K
}
Event: 14351.632 {metaspace Before GC invocations=121 (full 0):
 Metaspace       used 100595K, committed 102848K, reserved 458752K
  class space    used 10984K, committed 12096K, reserved 327680K
}
Event: 14351.647 {metaspace After GC invocations=122 (full 0):
 Metaspace       used 100595K, committed 102848K, reserved 458752K
  class space    used 10984K, committed 12096K, reserved 327680K
}
Event: 14357.681 {metaspace Before GC invocations=122 (full 0):
 Metaspace       used 100620K, committed 102848K, reserved 458752K
  class space    used 10987K, committed 12096K, reserved 327680K
}
Event: 14357.698 {metaspace After GC invocations=123 (full 0):
 Metaspace       used 100620K, committed 102848K, reserved 458752K
  class space    used 10987K, committed 12096K, reserved 327680K
}
Event: 14367.372 {metaspace Before GC invocations=123 (full 0):
 Metaspace       used 100698K, committed 102912K, reserved 458752K
  class space    used 10995K, committed 12096K, reserved 327680K
}
Event: 14367.380 {metaspace After GC invocations=124 (full 0):
 Metaspace       used 100698K, committed 102912K, reserved 458752K
  class space    used 10995K, committed 12096K, reserved 327680K
}
Event: 14404.095 {metaspace Before GC invocations=125 (full 0):
 Metaspace       used 96875K, committed 100608K, reserved 458752K
  class space    used 10545K, committed 12096K, reserved 327680K
}
Event: 14404.104 {metaspace After GC invocations=126 (full 0):
 Metaspace       used 96875K, committed 100608K, reserved 458752K
  class space    used 10545K, committed 12096K, reserved 327680K
}
Event: 20687.639 {metaspace Before GC invocations=126 (full 0):
 Metaspace       used 96881K, committed 100608K, reserved 458752K
  class space    used 10545K, committed 12096K, reserved 327680K
}
Event: 20687.701 {metaspace After GC invocations=127 (full 0):
 Metaspace       used 96881K, committed 100608K, reserved 458752K
  class space    used 10545K, committed 12096K, reserved 327680K
}

Dll operation events (14 events):
Event: 0.023 Loaded shared library C:\Users\ksove\.jdks\openjdk-25.0.1\bin\java.dll
Event: 0.248 Loaded shared library C:\Users\ksove\.jdks\openjdk-25.0.1\bin\zip.dll
Event: 0.257 Loaded shared library C:\Users\ksove\.jdks\openjdk-25.0.1\bin\instrument.dll
Event: 0.273 Loaded shared library C:\Users\ksove\.jdks\openjdk-25.0.1\bin\net.dll
Event: 0.285 Loaded shared library C:\Users\ksove\.jdks\openjdk-25.0.1\bin\nio.dll
Event: 0.297 Loaded shared library C:\Users\ksove\.jdks\openjdk-25.0.1\bin\zip.dll
Event: 0.912 Loaded shared library C:\Users\ksove\.jdks\openjdk-25.0.1\bin\jimage.dll
Event: 1.247 Loaded shared library C:\Users\ksove\.jdks\openjdk-25.0.1\bin\verify.dll
Event: 1.271 Loaded shared library C:\Users\ksove\.gradle\native\660c5614fbf4a5f2a75b1949f50a0caf5cd603558e7d8a26e50b933a0cfb79d1\windows-amd64\native-platform.dll
Event: 1.281 Loaded shared library C:\Users\ksove\.gradle\native\0.2.8\x86_64-windows-gnu\gradle-fileevents.dll
Event: 2.592 Loaded shared library C:\Users\ksove\.jdks\openjdk-25.0.1\bin\management.dll
Event: 2.596 Loaded shared library C:\Users\ksove\.jdks\openjdk-25.0.1\bin\management_ext.dll
Event: 2.789 Loaded shared library C:\Users\ksove\.jdks\openjdk-25.0.1\bin\extnet.dll
Event: 3.048 Loaded shared library C:\Users\ksove\.jdks\openjdk-25.0.1\bin\sunmscapi.dll

Deoptimization events (20 events):
Event: 14337.708 Thread 0x00000177ce11a5a0 Uncommon trap: trap_request=0xffffffc6 fr.pc=0x00000177ba0e16fc relative=0x0000000000002afc
Event: 14337.708 Thread 0x00000177ce11a5a0 Uncommon trap: reason=bimorphic_or_optimized_type_check action=maybe_recompile pc=0x00000177ba0e16fc method=org.gradle.api.internal.tasks.compile.incremental.compilerapi.deps.DependentsSet.merge(Ljava/util/Collection;)Lorg/gradle/api/internal/tasks/compil
Event: 14337.708 Thread 0x00000177ce11a5a0 DEOPT PACKING pc=0x00000177ba0e16fc sp=0x000000712d3fb0d0
Event: 14337.708 Thread 0x00000177ce11a5a0 DEOPT UNPACKING pc=0x00000177b97ca482 sp=0x000000712d3fb078 mode 2
Event: 14337.708 Thread 0x00000177ce11a5a0 Uncommon trap: trap_request=0xffffffc6 fr.pc=0x00000177ba0e16fc relative=0x0000000000002afc
Event: 14337.708 Thread 0x00000177ce11a5a0 Uncommon trap: reason=bimorphic_or_optimized_type_check action=maybe_recompile pc=0x00000177ba0e16fc method=org.gradle.api.internal.tasks.compile.incremental.compilerapi.deps.DependentsSet.merge(Ljava/util/Collection;)Lorg/gradle/api/internal/tasks/compil
Event: 14337.708 Thread 0x00000177ce11a5a0 DEOPT PACKING pc=0x00000177ba0e16fc sp=0x000000712d3fb0d0
Event: 14337.708 Thread 0x00000177ce11a5a0 DEOPT UNPACKING pc=0x00000177b97ca482 sp=0x000000712d3fb078 mode 2
Event: 14341.115 Thread 0x00000177ce11a5a0 Uncommon trap: trap_request=0xffffff66 fr.pc=0x00000177b9e23c04 relative=0x0000000000000404
Event: 14341.115 Thread 0x00000177ce11a5a0 Uncommon trap: reason=loop_limit_check action=maybe_recompile pc=0x00000177b9e23c04 method=org.gradle.api.internal.file.pattern.GreedyPathMatcher.matches([Ljava/lang/String;I)Z @ 34 c2
Event: 14341.115 Thread 0x00000177ce11a5a0 DEOPT PACKING pc=0x00000177b9e23c04 sp=0x000000712d3faaa0
Event: 14341.115 Thread 0x00000177ce11a5a0 DEOPT UNPACKING pc=0x00000177b97ca482 sp=0x000000712d3fa9c0 mode 2
Event: 14351.777 Thread 0x00000177c93c1d90 Uncommon trap: trap_request=0xffffff45 fr.pc=0x00000177ba0e40d0 relative=0x0000000000000d50
Event: 14351.777 Thread 0x00000177c93c1d90 Uncommon trap: reason=unstable_if action=reinterpret pc=0x00000177ba0e40d0 method=java.util.concurrent.locks.AbstractQueuedSynchronizer.acquire(Ljava/util/concurrent/locks/AbstractQueuedSynchronizer$Node;IZZZJ)I @ 83 c2
Event: 14351.777 Thread 0x00000177c93c1d90 DEOPT PACKING pc=0x00000177ba0e40d0 sp=0x0000007126bff560
Event: 14351.777 Thread 0x00000177c93c1d90 DEOPT UNPACKING pc=0x00000177b97ca482 sp=0x0000007126bff4e8 mode 2
Event: 14367.627 Thread 0x00000177d045bc10 Uncommon trap: trap_request=0xfffffff4 fr.pc=0x00000177ba4aa274 relative=0x0000000000000474
Event: 14367.627 Thread 0x00000177d045bc10 Uncommon trap: reason=null_check action=make_not_entrant pc=0x00000177ba4aa274 method=java.lang.ThreadLocal$ThreadLocalMap.expungeStaleEntry(I)I @ 51 c2
Event: 14367.627 Thread 0x00000177d045bc10 DEOPT PACKING pc=0x00000177ba4aa274 sp=0x00000071224fdd00
Event: 14367.627 Thread 0x00000177d045bc10 DEOPT UNPACKING pc=0x00000177b97ca482 sp=0x00000071224fdb28 mode 2

Classes loaded (20 events):
Event: 3872.910 Loading class java/io/CharArrayReader
Event: 3872.910 Loading class java/io/CharArrayReader done
Event: 3872.998 Loading class java/lang/invoke/WrongMethodTypeException
Event: 3872.999 Loading class java/lang/invoke/WrongMethodTypeException done
Event: 3873.061 Loading class java/nio/file/StandardCopyOption
Event: 3873.061 Loading class java/nio/file/StandardCopyOption done
Event: 3873.061 Loading class sun/nio/fs/WindowsFileCopy
Event: 3873.062 Loading class sun/nio/fs/WindowsFileCopy done
Event: 3873.118 Loading class java/util/Collections$EmptyListIterator
Event: 3873.119 Loading class java/util/Collections$EmptyListIterator done
Event: 3873.191 Loading class java/net/UrlDeserializedState
Event: 3873.191 Loading class java/net/UrlDeserializedState done
Event: 4028.239 Loading class java/time/Ser
Event: 4028.239 Loading class java/time/Ser done
Event: 4056.873 Loading class java/util/concurrent/locks/AbstractQueuedLongSynchronizer$Node
Event: 4056.874 Loading class java/util/concurrent/locks/AbstractQueuedLongSynchronizer$Node done
Event: 5594.772 Loading class java/nio/file/Files$2
Event: 5594.773 Loading class java/nio/file/Files$2 done
Event: 5651.594 Loading class java/lang/invoke/MethodHandleImpl$CountingWrapper$1
Event: 5651.594 Loading class java/lang/invoke/MethodHandleImpl$CountingWrapper$1 done

Classes unloaded (20 events):
Event: 14367.467 Thread 0x00000177a9a42700 Unloading class 0x000000005e25a800 'java/lang/invoke/LambdaForm$MH+0x000000005e25a800'
Event: 14367.467 Thread 0x00000177a9a42700 Unloading class 0x000000005e2c3400 'java/lang/invoke/LambdaForm$MH+0x000000005e2c3400'
Event: 14367.467 Thread 0x00000177a9a42700 Unloading class 0x000000005e36cc00 'java/lang/invoke/LambdaForm$MH+0x000000005e36cc00'
Event: 14367.467 Thread 0x00000177a9a42700 Unloading class 0x000000005e3ba400 'java/lang/invoke/LambdaForm$MH+0x000000005e3ba400'
Event: 14367.467 Thread 0x00000177a9a42700 Unloading class 0x000000005e5b1000 'java/lang/invoke/LambdaForm$MH+0x000000005e5b1000'
Event: 14367.467 Thread 0x00000177a9a42700 Unloading class 0x000000005e07c000 'java/lang/invoke/LambdaForm$MH+0x000000005e07c000'
Event: 14367.467 Thread 0x00000177a9a42700 Unloading class 0x000000005e0c1400 'java/lang/invoke/LambdaForm$MH+0x000000005e0c1400'
Event: 14367.467 Thread 0x00000177a9a42700 Unloading class 0x000000005e3a7400 'java/lang/invoke/LambdaForm$MH+0x000000005e3a7400'
Event: 14367.467 Thread 0x00000177a9a42700 Unloading class 0x000000005e3b5c00 'java/lang/invoke/LambdaForm$MH+0x000000005e3b5c00'
Event: 14367.467 Thread 0x00000177a9a42700 Unloading class 0x000000005e3fb400 'java/lang/invoke/LambdaForm$MH+0x000000005e3fb400'
Event: 14367.467 Thread 0x00000177a9a42700 Unloading class 0x000000005e415400 'java/lang/invoke/LambdaForm$MH+0x000000005e415400'
Event: 14367.467 Thread 0x00000177a9a42700 Unloading class 0x000000005e42f400 'java/lang/invoke/LambdaForm$MH+0x000000005e42f400'
Event: 14367.467 Thread 0x00000177a9a42700 Unloading class 0x000000005e430c00 'java/lang/invoke/LambdaForm$MH+0x000000005e430c00'
Event: 14367.467 Thread 0x00000177a9a42700 Unloading class 0x000000005e45c400 'java/lang/invoke/LambdaForm$MH+0x000000005e45c400'
Event: 14367.467 Thread 0x00000177a9a42700 Unloading class 0x000000005e462000 'java/lang/invoke/LambdaForm$MH+0x000000005e462000'
Event: 14367.467 Thread 0x00000177a9a42700 Unloading class 0x000000005e46c400 'java/lang/invoke/LambdaForm$MH+0x000000005e46c400'
Event: 14367.467 Thread 0x00000177a9a42700 Unloading class 0x000000005e4d7000 'java/lang/invoke/LambdaForm$MH+0x000000005e4d7000'
Event: 14367.467 Thread 0x00000177a9a42700 Unloading class 0x000000005eb6d000 'ijJvmBuildInit1_1ng7qtku09h85fwidrcnyn6vx'
Event: 14367.467 Thread 0x00000177a9a42700 Unloading class 0x000000005e5a7400 'java/lang/invoke/LambdaForm$MH+0x000000005e5a7400'
Event: 14367.468 Thread 0x00000177a9a42700 Unloading class 0x000000005e445400 'java/lang/invoke/LambdaForm$MH+0x000000005e445400'

Classes redefined (0 events):
No events

Internal exceptions (20 events):
Event: 14367.009 Thread 0x00000177d045bc10 Exception <a 'java/lang/NoClassDefFoundError'{0x00000000f0598f48}: org/jetbrains/kotlin/gradle/plugin/KotlinPluginWrapper> (0x00000000f0598f48) 
thrown [s\open\src\hotspot\share\oops\constantPool.cpp, line 1003]
Event: 14367.009 Thread 0x00000177d045bc10 Exception <a 'java/lang/NoClassDefFoundError'{0x00000000f059b600}: org/graalvm/buildtools/gradle/NativeImagePlugin> (0x00000000f059b600) 
thrown [s\open\src\hotspot\share\oops\constantPool.cpp, line 1003]
Event: 14367.009 Thread 0x00000177d045bc10 Exception <a 'java/lang/NoClassDefFoundError'{0x00000000f059dca8}: org/cyclonedx/gradle/CycloneDxPlugin> (0x00000000f059dca8) 
thrown [s\open\src\hotspot\share\oops\constantPool.cpp, line 1003]
Event: 14367.611 Thread 0x00000177d045bc10 Exception <a 'sun/nio/fs/WindowsException'{0x00000000f1fd99d8}> (0x00000000f1fd99d8) 
thrown [s\open\src\hotspot\share\prims\jni.cpp, line 516]
Event: 14367.627 Thread 0x00000177d045bc10 Implicit null exception at 0x00000177ba4a9f7c to 0x00000177ba4aa251
Event: 14403.527 Thread 0x00000177d045bc10 Exception <a 'sun/nio/fs/WindowsException'{0x00000000f0f5e430}> (0x00000000f0f5e430) 
thrown [s\open\src\hotspot\share\prims\jni.cpp, line 516]
Event: 14403.527 Thread 0x00000177d045bc10 Exception <a 'sun/nio/fs/WindowsException'{0x00000000f0f5f820}> (0x00000000f0f5f820) 
thrown [s\open\src\hotspot\share\prims\jni.cpp, line 516]
Event: 14403.527 Thread 0x00000177d045bc10 Exception <a 'sun/nio/fs/WindowsException'{0x00000000f0f60c00}> (0x00000000f0f60c00) 
thrown [s\open\src\hotspot\share\prims\jni.cpp, line 516]
Event: 14403.527 Thread 0x00000177d045bc10 Exception <a 'sun/nio/fs/WindowsException'{0x00000000f0f61cb8}> (0x00000000f0f61cb8) 
thrown [s\open\src\hotspot\share\prims\jni.cpp, line 516]
Event: 14403.567 Thread 0x00000177d045bc10 Exception <a 'java/lang/NoClassDefFoundError'{0x00000000f0aef100}: org/jetbrains/kotlin/gradle/plugin/KotlinPluginWrapper> (0x00000000f0aef100) 
thrown [s\open\src\hotspot\share\oops\constantPool.cpp, line 1003]
Event: 14403.567 Thread 0x00000177d045bc10 Exception <a 'java/lang/NoClassDefFoundError'{0x00000000f0af17b8}: org/graalvm/buildtools/gradle/NativeImagePlugin> (0x00000000f0af17b8) 
thrown [s\open\src\hotspot\share\oops\constantPool.cpp, line 1003]
Event: 14403.567 Thread 0x00000177d045bc10 Exception <a 'java/lang/NoClassDefFoundError'{0x00000000f0af3e60}: org/cyclonedx/gradle/CycloneDxPlugin> (0x00000000f0af3e60) 
thrown [s\open\src\hotspot\share\oops\constantPool.cpp, line 1003]
Event: 14404.176 Thread 0x00000177d045bc10 Exception <a 'sun/nio/fs/WindowsException'{0x00000000f232da40}> (0x00000000f232da40) 
thrown [s\open\src\hotspot\share\prims\jni.cpp, line 516]
Event: 23079.729 Thread 0x00000177cf351580 Exception <a 'sun/nio/fs/WindowsException'{0x00000000f04fa058}> (0x00000000f04fa058) 
thrown [s\open\src\hotspot\share\prims\jni.cpp, line 516]
Event: 23079.735 Thread 0x00000177cf351580 Exception <a 'sun/nio/fs/WindowsException'{0x00000000f04fb448}> (0x00000000f04fb448) 
thrown [s\open\src\hotspot\share\prims\jni.cpp, line 516]
Event: 23079.735 Thread 0x00000177cf351580 Exception <a 'sun/nio/fs/WindowsException'{0x00000000f04fc828}> (0x00000000f04fc828) 
thrown [s\open\src\hotspot\share\prims\jni.cpp, line 516]
Event: 23079.735 Thread 0x00000177cf351580 Exception <a 'sun/nio/fs/WindowsException'{0x00000000f04fdbe0}> (0x00000000f04fdbe0) 
thrown [s\open\src\hotspot\share\prims\jni.cpp, line 516]
Event: 23080.118 Thread 0x00000177cf351580 Exception <a 'java/lang/NoClassDefFoundError'{0x00000000efe647b0}: org/jetbrains/kotlin/gradle/plugin/KotlinPluginWrapper> (0x00000000efe647b0) 
thrown [s\open\src\hotspot\share\oops\constantPool.cpp, line 1003]
Event: 23080.119 Thread 0x00000177cf351580 Exception <a 'java/lang/NoClassDefFoundError'{0x00000000efe670f0}: org/graalvm/buildtools/gradle/NativeImagePlugin> (0x00000000efe670f0) 
thrown [s\open\src\hotspot\share\oops\constantPool.cpp, line 1003]
Event: 23080.119 Thread 0x00000177cf351580 Exception <a 'java/lang/NoClassDefFoundError'{0x00000000efe69798}: org/cyclonedx/gradle/CycloneDxPlugin> (0x00000000efe69798) 
thrown [s\open\src\hotspot\share\oops\constantPool.cpp, line 1003]

VM Operations (20 events):
Event: 22786.569 Executing non-safepoint VM operation: HandshakeAllThreads (HandshakeForDeflation)
Event: 22786.569 Executing non-safepoint VM operation: HandshakeAllThreads (HandshakeForDeflation) done
Event: 22786.569 Executing non-safepoint VM operation: RendezvousGCThreads
Event: 22786.569 Executing non-safepoint VM operation: RendezvousGCThreads done
Event: 22846.689 Executing non-safepoint VM operation: HandshakeAllThreads (HandshakeForDeflation)
Event: 22846.689 Executing non-safepoint VM operation: HandshakeAllThreads (HandshakeForDeflation) done
Event: 22846.689 Executing non-safepoint VM operation: RendezvousGCThreads
Event: 22846.689 Executing non-safepoint VM operation: RendezvousGCThreads done
Event: 22906.808 Executing non-safepoint VM operation: HandshakeAllThreads (HandshakeForDeflation)
Event: 22906.808 Executing non-safepoint VM operation: HandshakeAllThreads (HandshakeForDeflation) done
Event: 22906.808 Executing non-safepoint VM operation: RendezvousGCThreads
Event: 22906.808 Executing non-safepoint VM operation: RendezvousGCThreads done
Event: 22966.946 Executing non-safepoint VM operation: HandshakeAllThreads (HandshakeForDeflation)
Event: 22966.946 Executing non-safepoint VM operation: HandshakeAllThreads (HandshakeForDeflation) done
Event: 22966.946 Executing non-safepoint VM operation: RendezvousGCThreads
Event: 22966.946 Executing non-safepoint VM operation: RendezvousGCThreads done
Event: 23027.077 Executing non-safepoint VM operation: HandshakeAllThreads (HandshakeForDeflation)
Event: 23027.077 Executing non-safepoint VM operation: HandshakeAllThreads (HandshakeForDeflation) done
Event: 23027.077 Executing non-safepoint VM operation: RendezvousGCThreads
Event: 23027.077 Executing non-safepoint VM operation: RendezvousGCThreads done

Memory protections (0 events):
No events

Nmethod flushes (20 events):
Event: 14367.481 Thread 0x00000177a9a42700 flushing osr nmethod 0x00000177b3adc888
Event: 14367.481 Thread 0x00000177a9a42700 flushing  nmethod 0x00000177b3b73708
Event: 14367.481 Thread 0x00000177a9a42700 flushing  nmethod 0x00000177b3c24208
Event: 14367.481 Thread 0x00000177a9a42700 flushing  nmethod 0x00000177b3cf5408
Event: 14367.481 Thread 0x00000177a9a42700 flushing  nmethod 0x00000177b3cf7688
Event: 14367.481 Thread 0x00000177a9a42700 flushing  nmethod 0x00000177b3cf7d88
Event: 14367.481 Thread 0x00000177a9a42700 flushing  nmethod 0x00000177b3eade08
Event: 14367.481 Thread 0x00000177a9a42700 flushing  nmethod 0x00000177b3f0fd88
Event: 14367.481 Thread 0x00000177a9a42700 flushing  nmethod 0x00000177b39eec88
Event: 14367.481 Thread 0x00000177a9a42700 flushing  nmethod 0x00000177b39f3988
Event: 14367.481 Thread 0x00000177a9a42700 flushing  nmethod 0x00000177b39f4788
Event: 14367.481 Thread 0x00000177a9a42700 flushing  nmethod 0x00000177b3b0c408
Event: 14367.481 Thread 0x00000177a9a42700 flushing  nmethod 0x00000177b3c0e608
Event: 14367.481 Thread 0x00000177a9a42700 flushing  nmethod 0x00000177b3c87a08
Event: 14367.481 Thread 0x00000177a9a42700 flushing  nmethod 0x00000177b3c93f88
Event: 14367.481 Thread 0x00000177a9a42700 flushing  nmethod 0x00000177b3c9aa88
Event: 14367.481 Thread 0x00000177a9a42700 flushing  nmethod 0x00000177b3d17108
Event: 14367.481 Thread 0x00000177a9a42700 flushing  nmethod 0x00000177b3d17408
Event: 14367.481 Thread 0x00000177a9a42700 flushing  nmethod 0x00000177b3efa088
Event: 14367.481 Thread 0x00000177a9a42700 flushing  nmethod 0x00000177b3f00c08

Events (20 events):
Event: 23080.402 Thread 0x00000177cf351580 Thread added: 0x00000177cfb3efe0
Event: 23080.404 Thread 0x00000177cf351580 Thread added: 0x00000177cfb3f7b0
Event: 23080.406 Thread 0x00000177cf351580 Thread added: 0x00000177d0359ec0
Event: 23080.409 Thread 0x00000177cf351580 Thread added: 0x00000177d035a690
Event: 23080.412 Thread 0x00000177cf351580 Thread added: 0x00000177d0358f20
Event: 23080.415 Thread 0x00000177cf351580 Thread added: 0x00000177d035ae60
Event: 23080.417 Thread 0x00000177cf351580 Thread added: 0x00000177d03596f0
Event: 23080.420 Thread 0x00000177cf351580 Thread added: 0x00000177d035b630
Event: 23080.422 Thread 0x00000177cf351580 Thread added: 0x00000177d0357f80
Event: 23080.425 Thread 0x00000177cf351580 Thread added: 0x00000177d0358750
Event: 23080.427 Thread 0x00000177cf351580 Thread added: 0x00000177c9584d70
Event: 23080.430 Thread 0x00000177cf351580 Thread added: 0x00000177c9585540
Event: 23080.432 Thread 0x00000177cf351580 Thread added: 0x00000177c9585d10
Event: 23080.434 Thread 0x00000177cf351580 Thread added: 0x00000177c9588420
Event: 23080.436 Thread 0x00000177cf351580 Thread added: 0x00000177c95864e0
Event: 23080.438 Thread 0x00000177cf351580 Thread added: 0x00000177c9586cb0
Event: 23080.440 Thread 0x00000177cf351580 Thread added: 0x00000177c9587480
Event: 23080.442 Thread 0x00000177cf351580 Thread added: 0x00000177c9587c50
Event: 23080.445 Thread 0x00000177cf351580 Thread added: 0x00000177d06220a0
Event: 23080.448 Thread 0x00000177cf351580 Thread added: 0x00000177d06247b0


Dynamic libraries:
0x00007ff7bcf90000 - 0x00007ff7bcf9e000 	C:\Users\ksove\.jdks\openjdk-25.0.1\bin\java.exe
0x00007ffb9ff90000 - 0x00007ffba0188000 	C:\WINDOWS\SYSTEM32\ntdll.dll
0x00007ffb9f960000 - 0x00007ffb9fa22000 	C:\WINDOWS\System32\KERNEL32.DLL
0x00007ffb9d780000 - 0x00007ffb9da76000 	C:\WINDOWS\System32\KERNELBASE.dll
0x00007ffb9dc70000 - 0x00007ffb9dd70000 	C:\WINDOWS\System32\ucrtbase.dll
0x00007ffb8dd30000 - 0x00007ffb8dd47000 	C:\Users\ksove\.jdks\openjdk-25.0.1\bin\jli.dll
0x00007ffb9f500000 - 0x00007ffb9f6a1000 	C:\WINDOWS\System32\USER32.dll
0x00007ffb9d6d0000 - 0x00007ffb9d6f2000 	C:\WINDOWS\System32\win32u.dll
0x00007ffb9ef20000 - 0x00007ffb9ef4b000 	C:\WINDOWS\System32\GDI32.dll
0x00007ffb9de90000 - 0x00007ffb9dfa9000 	C:\WINDOWS\System32\gdi32full.dll
0x00007ffb9dd70000 - 0x00007ffb9de0d000 	C:\WINDOWS\System32\msvcp_win.dll
0x00007ffb8cc20000 - 0x00007ffb8cc3e000 	C:\Users\ksove\.jdks\openjdk-25.0.1\bin\VCRUNTIME140.dll
0x00007ffb7d240000 - 0x00007ffb7d4db000 	C:\WINDOWS\WinSxS\amd64_microsoft.windows.common-controls_6595b64144ccf1df_6.0.19041.6456_none_60b8a6cb71f64256\COMCTL32.dll
0x00007ffb9e780000 - 0x00007ffb9e81e000 	C:\WINDOWS\System32\msvcrt.dll
0x00007ffb9ec00000 - 0x00007ffb9ec2f000 	C:\WINDOWS\System32\IMM32.DLL
0x00007ffb98690000 - 0x00007ffb9869c000 	C:\Users\ksove\.jdks\openjdk-25.0.1\bin\vcruntime140_1.dll
0x00007ffb75ec0000 - 0x00007ffb75f4d000 	C:\Users\ksove\.jdks\openjdk-25.0.1\bin\msvcp140.dll
0x00007ffb42f00000 - 0x00007ffb43d5f000 	C:\Users\ksove\.jdks\openjdk-25.0.1\bin\server\jvm.dll
0x00007ffb9f7d0000 - 0x00007ffb9f881000 	C:\WINDOWS\System32\ADVAPI32.dll
0x00007ffb9f330000 - 0x00007ffb9f3cf000 	C:\WINDOWS\System32\sechost.dll
0x00007ffb9f6b0000 - 0x00007ffb9f7d0000 	C:\WINDOWS\System32\RPCRT4.dll
0x00007ffb9d700000 - 0x00007ffb9d727000 	C:\WINDOWS\System32\bcrypt.dll
0x00007ffb9eaf0000 - 0x00007ffb9eb5b000 	C:\WINDOWS\System32\WS2_32.dll
0x00007ffb9cb60000 - 0x00007ffb9cbab000 	C:\WINDOWS\SYSTEM32\POWRPROF.dll
0x00007ffb91370000 - 0x00007ffb91397000 	C:\WINDOWS\SYSTEM32\WINMM.dll
0x00007ffb97740000 - 0x00007ffb9774a000 	C:\WINDOWS\SYSTEM32\VERSION.dll
0x00007ffb9ca20000 - 0x00007ffb9ca32000 	C:\WINDOWS\SYSTEM32\UMPDC.dll
0x00007ffb9b4b0000 - 0x00007ffb9b4c2000 	C:\WINDOWS\SYSTEM32\kernel.appcore.dll
0x00007ffb97fd0000 - 0x00007ffb97fda000 	C:\Users\ksove\.jdks\openjdk-25.0.1\bin\jimage.dll
0x00007ffb96d80000 - 0x00007ffb96f81000 	C:\WINDOWS\SYSTEM32\DBGHELP.DLL
0x00007ffb96d20000 - 0x00007ffb96d54000 	C:\WINDOWS\SYSTEM32\dbgcore.DLL
0x00007ffb9dbe0000 - 0x00007ffb9dc62000 	C:\WINDOWS\System32\bcryptPrimitives.dll
0x00007ffb97310000 - 0x00007ffb97320000 	C:\Users\ksove\.jdks\openjdk-25.0.1\bin\instrument.dll
0x00007ffb8cbe0000 - 0x00007ffb8cbff000 	C:\Users\ksove\.jdks\openjdk-25.0.1\bin\java.dll
0x00007ffb9f3d0000 - 0x00007ffb9f4fb000 	C:\WINDOWS\System32\ole32.dll
0x00007ffb9ef60000 - 0x00007ffb9f2b4000 	C:\WINDOWS\System32\combase.dll
0x00007ffb9dfb0000 - 0x00007ffb9e720000 	C:\WINDOWS\System32\SHELL32.dll
0x00007ffb9b6b0000 - 0x00007ffb9be55000 	C:\WINDOWS\SYSTEM32\windows.storage.dll
0x00007ffb9d050000 - 0x00007ffb9d07b000 	C:\WINDOWS\SYSTEM32\Wldp.dll
0x00007ffb9ed70000 - 0x00007ffb9ee3d000 	C:\WINDOWS\System32\OLEAUT32.dll
0x00007ffb9fa30000 - 0x00007ffb9fadd000 	C:\WINDOWS\System32\SHCORE.dll
0x00007ffb9ec90000 - 0x00007ffb9eceb000 	C:\WINDOWS\System32\shlwapi.dll
0x00007ffb9d550000 - 0x00007ffb9d574000 	C:\WINDOWS\SYSTEM32\profapi.dll
0x00007ffb830d0000 - 0x00007ffb830e7000 	C:\Users\ksove\.jdks\openjdk-25.0.1\bin\zip.dll
0x00007ffb95a60000 - 0x00007ffb95a72000 	C:\Users\ksove\.jdks\openjdk-25.0.1\bin\net.dll
0x00007ffb9cdb0000 - 0x00007ffb9ce1a000 	C:\WINDOWS\system32\mswsock.dll
0x00007ffb85d20000 - 0x00007ffb85d36000 	C:\Users\ksove\.jdks\openjdk-25.0.1\bin\nio.dll
0x00007ffb96340000 - 0x00007ffb96350000 	C:\Users\ksove\.jdks\openjdk-25.0.1\bin\verify.dll
0x00007ffb80600000 - 0x00007ffb80627000 	C:\Users\ksove\.gradle\native\660c5614fbf4a5f2a75b1949f50a0caf5cd603558e7d8a26e50b933a0cfb79d1\windows-amd64\native-platform.dll
0x00007ffb75de0000 - 0x00007ffb75e57000 	C:\Users\ksove\.gradle\native\0.2.8\x86_64-windows-gnu\gradle-fileevents.dll
0x00007ffb962c0000 - 0x00007ffb962ca000 	C:\Users\ksove\.jdks\openjdk-25.0.1\bin\management.dll
0x00007ffb95eb0000 - 0x00007ffb95ebc000 	C:\Users\ksove\.jdks\openjdk-25.0.1\bin\management_ext.dll
0x00007ffb9ebf0000 - 0x00007ffb9ebf8000 	C:\WINDOWS\System32\PSAPI.DLL
0x00007ffb9ca40000 - 0x00007ffb9ca7b000 	C:\WINDOWS\SYSTEM32\IPHLPAPI.DLL
0x00007ffb9f2c0000 - 0x00007ffb9f2c8000 	C:\WINDOWS\System32\NSI.dll
0x00007ffb936c0000 - 0x00007ffb936c9000 	C:\Users\ksove\.jdks\openjdk-25.0.1\bin\extnet.dll
0x00007ffb9cfa0000 - 0x00007ffb9cfb8000 	C:\WINDOWS\SYSTEM32\CRYPTSP.dll
0x00007ffb9c660000 - 0x00007ffb9c698000 	C:\WINDOWS\system32\rsaenh.dll
0x00007ffb9d4d0000 - 0x00007ffb9d4fe000 	C:\WINDOWS\SYSTEM32\USERENV.dll
0x00007ffb9cfc0000 - 0x00007ffb9cfcc000 	C:\WINDOWS\SYSTEM32\CRYPTBASE.dll
0x00007ffb85d10000 - 0x00007ffb85d1e000 	C:\Users\ksove\.jdks\openjdk-25.0.1\bin\sunmscapi.dll
0x00007ffb9da80000 - 0x00007ffb9dbdd000 	C:\WINDOWS\System32\CRYPT32.dll
0x00007ffb9d0c0000 - 0x00007ffb9d0e7000 	C:\WINDOWS\SYSTEM32\ncrypt.dll
0x00007ffb9d080000 - 0x00007ffb9d0bb000 	C:\WINDOWS\SYSTEM32\NTASN1.dll
0x00007ffb8c590000 - 0x00007ffb8c597000 	C:\WINDOWS\system32\wshunix.dll
0x00007ffb9ca80000 - 0x00007ffb9cb4a000 	C:\WINDOWS\SYSTEM32\DNSAPI.dll
0x00007ffb96fc0000 - 0x00007ffb96fca000 	C:\Windows\System32\rasadhlp.dll
0x00007ffb96a80000 - 0x00007ffb96b00000 	C:\WINDOWS\System32\fwpuclnt.dll

JVMTI agents:
C:\Users\ksove\.gradle\wrapper\dists\gradle-9.2.1-bin\2t0n5ozlw9xmuyvbp7dnzaxug\gradle-9.2.1\lib\agents\gradle-instrumentation-agent-9.2.1.jar path:C:\Users\ksove\.jdks\openjdk-25.0.1\bin\instrument.dll, loaded, initialized, instrumentlib options:none

dbghelp: loaded successfully - version: 4.0.5 - missing functions: none
symbol engine: initialized successfully - sym options: 0x614 - pdb path: .;C:\Users\ksove\.jdks\openjdk-25.0.1\bin;C:\WINDOWS\SYSTEM32;C:\WINDOWS\WinSxS\amd64_microsoft.windows.common-controls_6595b64144ccf1df_6.0.19041.6456_none_60b8a6cb71f64256;C:\Users\ksove\.jdks\openjdk-25.0.1\bin\server;C:\Users\ksove\.gradle\native\660c5614fbf4a5f2a75b1949f50a0caf5cd603558e7d8a26e50b933a0cfb79d1\windows-amd64;C:\Users\ksove\.gradle\native\0.2.8\x86_64-windows-gnu

VM Arguments:
jvm_args: --add-opens=java.base/java.lang=ALL-UNNAMED --add-opens=java.base/java.lang.invoke=ALL-UNNAMED --add-opens=java.base/java.util=ALL-UNNAMED --add-opens=java.prefs/java.util.prefs=ALL-UNNAMED --add-exports=jdk.compiler/com.sun.tools.javac.api=ALL-UNNAMED --add-exports=jdk.compiler/com.sun.tools.javac.util=ALL-UNNAMED --add-opens=java.base/java.util=ALL-UNNAMED --add-opens=java.prefs/java.util.prefs=ALL-UNNAMED --add-opens=java.base/java.nio.charset=ALL-UNNAMED --add-opens=java.base/java.net=ALL-UNNAMED --add-opens=java.base/java.util.concurrent=ALL-UNNAMED --add-opens=java.base/java.util.concurrent.atomic=ALL-UNNAMED --add-opens=java.xml/javax.xml.namespace=ALL-UNNAMED --add-opens=java.base/java.time=ALL-UNNAMED --enable-native-access=ALL-UNNAMED -XX:MaxMetaspaceSize=384m -XX:+HeapDumpOnOutOfMemoryError -Xms256m -Xmx512m -Dfile.encoding=UTF-8 -Duser.country=KR -Duser.language=ko -Duser.variant -javaagent:C:\Users\ksove\.gradle\wrapper\dists\gradle-9.2.1-bin\2t0n5ozlw9xmuyvbp7dnzaxug\gradle-9.2.1\lib\agents\gradle-instrumentation-agent-9.2.1.jar 
java_command: org.gradle.launcher.daemon.bootstrap.GradleDaemon 9.2.1
java_class_path (initial): C:\Users\ksove\.gradle\wrapper\dists\gradle-9.2.1-bin\2t0n5ozlw9xmuyvbp7dnzaxug\gradle-9.2.1\lib\gradle-daemon-main-9.2.1.jar
Launcher Type: SUN_STANDARD

[Global flags]
     intx CICompilerCount                          = 4                                         {product} {ergonomic}
   size_t CompressedClassSpaceSize                 = 335544320                                 {product} {ergonomic}
     uint ConcGCThreads                            = 3                                         {product} {ergonomic}
     uint G1ConcRefinementThreads                  = 10                                        {product} {ergonomic}
   size_t G1HeapRegionSize                         = 1048576                                   {product} {ergonomic}
     bool HeapDumpOnOutOfMemoryError               = true                                   {manageable} {command line}
   size_t InitialHeapSize                          = 268435456                                 {product} {command line}
   size_t MarkStackSize                            = 4194304                                   {product} {ergonomic}
   size_t MarkStackSizeMax                         = 536870912                                 {product} {ergonomic}
   size_t MaxHeapSize                              = 536870912                                 {product} {command line}
   size_t MaxMetaspaceSize                         = 402653184                                 {product} {command line}
   size_t MaxNewSize                               = 321912832                                 {product} {ergonomic}
   size_t MinHeapDeltaBytes                        = 1048576                                   {product} {ergonomic}
   size_t MinHeapSize                              = 268435456                                 {product} {command line}
    uintx NonNMethodCodeHeapSize                   = 5832704                                {pd product} {ergonomic}
    uintx NonProfiledCodeHeapSize                  = 122945536                              {pd product} {ergonomic}
    uintx ProfiledCodeHeapSize                     = 122880000                              {pd product} {ergonomic}
    uintx ReservedCodeCacheSize                    = 251658240                              {pd product} {ergonomic}
     bool SegmentedCodeCache                       = true                                      {product} {ergonomic}
   size_t SoftMaxHeapSize                          = 536870912                              {manageable} {ergonomic}
     bool UseCompressedOops                        = true                           {product lp64_product} {ergonomic}
     bool UseG1GC                                  = true                                      {product} {ergonomic}
     bool UseLargePagesIndividualAllocation        = false                                  {pd product} {ergonomic}

Logging:
Log output configuration:
 #0: stdout all=warning uptime,level,tags foldmultilines=false
 #1: stderr all=off uptime,level,tags foldmultilines=false

Release file:
IMPLEMENTOR="Oracle Corporation" 
JAVA_RUNTIME_VERSION="25.0.1+8-27" 
JAVA_VERSION="25.0.1" 
JAVA_VERSION_DATE="2025-10-21" 
LIBC="default" 
MODULES="java.base java.compiler java.datatransfer java.xml java.prefs java.desktop java.instrument java.logging java.management java.security.sasl java.naming java.rmi java.management.rmi java.net.http java.scripting java.security.jgss java.transaction.xa java.sql java.sql.rowset java.xml.crypto java.se java.smartcardio jdk.accessibility jdk.internal.jvmstat jdk.attach jdk.charsets jdk.internal.opt jdk.zipfs jdk.compiler jdk.crypto.cryptoki jdk.crypto.ec jdk.crypto.mscapi jdk.dynalink jdk.internal.ed jdk.editpad jdk.internal.vm.ci jdk.graal.compiler jdk.graal.compiler.management jdk.hotspot.agent jdk.httpserver jdk.incubator.vector jdk.internal.le jdk.internal.md jdk.jartool jdk.javadoc jdk.jcmd jdk.management jdk.management.agent jdk.jconsole jdk.jdeps jdk.jdwp.agent jdk.jdi jdk.jfr jdk.jlink jdk.jpackage jdk.jshell jdk.jsobject jdk.jstatd jdk.localedata jdk.management.jfr jdk.naming.dns jdk.naming.rmi jdk.net jdk.nio.mapmode jdk.sctp jdk.security.auth jdk.security.jgss jdk.unsupported jdk.unsupported.desktop jdk.xml.dom" 
OS_ARCH="x86_64" 
OS_NAME="Windows" 
SOURCE=".:git:78770bfaefd2" 

Environment Variables:
PATH=C:\Program Files\Common Files\Oracle\Java\javapath;C:\WINDOWS\system32;C:\WINDOWS;C:\WINDOWS\System32\Wbem;C:\WINDOWS\System32\WindowsPowerShell\v1.0\;C:\WINDOWS\System32\OpenSSH\;C:\Program Files\Git\cmd;C:\Users\ksove\Downloads\apache-maven-3.9.12-bin;C:\Program Files\Java\jdk-18.0.2.1\bin;C:\Program Files\Java\jdk-17\bin;C:\Program Files\MySQL\MySQL Shell 8.0\bin\;C:\Users\ksove\AppData\Local\Microsoft\WindowsApps;C:\Program Files\JetBrains\IntelliJ IDEA 2025.3.1.1\bin
USERNAME=ksove
OS=Windows_NT
PROCESSOR_IDENTIFIER=Intel64 Family 6 Model 165 Stepping 5, GenuineIntel
TMP=C:\Users\ksove\AppData\Local\Temp
TEMP=C:\Users\ksove\AppData\Local\Temp




Compilation memory statistics disabled.

Periodic native trim disabled

---------------  S Y S T E M  ---------------

OS:
 Windows 10 , 64 bit Build 19041 (10.0.19041.5915)
OS uptime: 21 days 22:46 hours

CPU: total 12 (initial active 12) (6 cores per cpu, 2 threads per core) family 6 model 165 stepping 5 microcode 0xca, cx8, cmov, fxsr, ht, mmx, 3dnowpref, sse, sse2, sse3, ssse3, sse4.1, sse4.2, popcnt, lzcnt, tsc, tscinvbit, avx, avx2, aes, erms, clmul, bmi1, bmi2, adx, fma, vzeroupper, clflush, clflushopt, rdtscp, f16c, pku
Processor Information for the first 12 processors :
  Max Mhz: 2904, Current Mhz: 2904, Mhz Limit: 2904

Memory: 4k page, system-wide physical 16312M (670M free)
TotalPageFile size 65464M (AvailPageFile size 0M)
current process WorkingSet (physical memory assigned to process): 311M, peak: 588M
current process commit charge ("private bytes"): 692M, peak: 708M

vm_info: OpenJDK 64-Bit Server VM (25.0.1+8-27) for windows-amd64 JRE (25.0.1+8-27), built on 2025-09-25T16:41:16Z with unknown MS VC++:1943

END.
